0,Alex Fernando,Ropero,,1,alexfernando322@gmail.com,M,2013-8-10,0,,,,,
1,Marco Fidel,Carmona,,1,marcofidel128@gmail.com,M,2007-10-26,0,,,,,
2,Maria Margoth,Cortez,,1,mariamargoth823@gmail.com,F,2005-3-20,0,,,,,
3,Angela Patricia,Paredes,Villadiego,1,angelapatricia84@gmail.com,F,2005-6-24,0,,,,,
4,Leidy Daniela,Herrera,Parra,1,leidydaniela368@gmail.com,F,2006-11-15,0,,,,,
5,Wilson,Avila,Mendoza,1,wilson880@gmail.com,M,2006-5-13,0,,,,,
6,Tatiana Alejandra,Castro,,1,tatianaalejandra960@gmail.com,F,2004-7-6,0,,,,,
7,Eloisa,Diaz,Martinez,1,eloisa351@gmail.com,F,2008-8-26,0,,,,,
8,Erick,Rodriguez,Valle,1,erick389@gmail.com,M,2015-1-26,0,,,,,
9,Maria Luisa,Barboza,Machacado,1,marialuisa769@gmail.com,F,2012-1-13,0,,,,,
10,Maria Piedad,Benitez,Dominguez,1,mariapiedad571@gmail.com,F,2014-2-15,0,,,,,
11,Gisela,Barrera,,1,gisela118@gmail.com,F,2004-2-11,0,,,,,
12,Amanda,Cardenas,Lara,1,amanda386@gmail.com,F,2007-10-3,0,,,,,
13,Sonia,Martinez,,1,sonia37@gmail.com,F,2011-6-4,0,,,,,
14,Ramon Elias,Nuã‘Ez,,1,ramonelias555@gmail.com,M,2006-8-8,0,,,,,
15,Maria Delia,Torres,Reyes,1,mariadelia702@gmail.com,F,2011-9-16,0,,,,,
16,Omaira,Torres,Mendoza,1,omaira264@gmail.com,F,2004-10-15,0,,,,,
17,Alexandro,Baloco,,1,alexandro629@gmail.com,M,2009-2-26,0,,,,,
18,Emilce,Hernandez,Hernandez,1,emilce480@gmail.com,F,2015-10-1,0,,,,,
19,Zoila Rosa,Martinez,,1,zoilarosa600@gmail.com,F,2013-3-8,0,,,,,
20,Lina Paola,Espinosa,,1,linapaola435@gmail.com,F,2010-1-3,0,,,,,
21,Ivan Fernando,Arrieta,,1,ivanfernando420@gmail.com,M,2007-5-7,0,,,,,
22,Maria Angelica,Chavez,Chavez,1,mariaangelica929@gmail.com,F,2014-1-13,0,,,,,
23,Jose Walter,Barbosa,Villar,1,josewalter965@gmail.com,M,2010-7-23,0,,,,,
24,Johny,Carmona,Mercado,1,johny42@gmail.com,M,2012-9-14,0,,,,,
25,Jorge Elias,Martinez,,1,jorgeelias108@gmail.com,M,2008-1-9,0,,,,,
26,Yudy,Berrio,Farrayans,1,yudy396@gmail.com,F,2007-4-17,0,,,,,
27,John Faber,Diaz,,1,johnfaber357@gmail.com,M,2014-8-25,0,,,,,
28,Bernarda,Leguia,Florez,1,bernarda52@gmail.com,F,2005-7-7,0,,,,,
29,Leydi Johana,Hernandez,Aleman,1,leydijohana772@gmail.com,F,2015-8-24,0,,,,,
30,Luz Alba,Tovar,De Parra,1,luzalba273@gmail.com,F,2011-3-17,0,,,,,
31,Olmedo,Hurtado,Teheran,1,olmedo494@gmail.com,M,2011-12-22,0,,,,,
32,Olga Marina,Barreto,Perez,1,olgamarina252@gmail.com,F,2005-1-7,0,,,,,
33,Laura Sofia,Perez,,1,laurasofia280@gmail.com,F,2006-11-8,0,,,,,
34,Elvia,Sanchez,,1,elvia486@gmail.com,F,2007-8-24,0,,,,,
35,Jose Benjamin,Viera,,1,josebenjamin643@gmail.com,M,2005-10-3,0,,,,,
36,Jorge Antonio,Ruiz,,1,jorgeantonio461@gmail.com,M,2009-11-11,0,,,,,
37,Maria Ruby,Leiton,Arrieta,1,mariaruby850@gmail.com,F,2005-9-20,0,,,,,
38,Jorge Wilson,Naranjo,,1,jorgewilson419@gmail.com,M,2009-1-26,0,,,,,
39,Oscar Julian,Villalba,Espitia,1,oscarjulian722@gmail.com,M,2005-7-19,0,,,,,
40,Juan Rafael,Perez,Rivero,1,juanrafael77@gmail.com,M,2006-10-11,0,,,,,
41,Efren,Hernandez,,1,efren544@gmail.com,M,2004-5-22,0,,,,,
42,John Jaime,Corpas,,1,johnjaime387@gmail.com,M,2005-10-26,0,,,,,
43,Guillermo Andres,Lidueã‘A,,1,guillermoandres538@gmail.com,M,2014-8-27,0,,,,,
44,Ligia Maria,Silva,Novoa,1,ligiamaria150@gmail.com,F,2010-4-28,0,,,,,
45,Jose Edison,Padilla,,1,joseedison392@gmail.com,M,2011-6-20,0,,,,,
46,Clara,Lopez,,1,clara858@gmail.com,F,2010-12-25,0,,,,,
47,Juliana Maria,Garcia,Pereira,1,julianamaria137@gmail.com,F,2010-9-10,0,,,,,
48,Ricardo Alfonso,Herazo,,1,ricardoalfonso627@gmail.com,M,2007-5-24,0,,,,,
49,Jose Maria,Parra,Barboza,1,josemaria837@gmail.com,M,2012-12-12,0,,,,,
50,Marlon Andres,Osuna,,1,marlonandres652@gmail.com,M,2009-5-1,0,,,,,
51,Claudia Jimena,Henriquez,,1,claudiajimena374@gmail.com,F,2004-4-16,0,,,,,
52,Estiven,Vega,,1,estiven510@gmail.com,M,2014-4-7,0,,,,,
53,Janeth,Sepulveda,,1,janeth891@gmail.com,F,2010-8-17,0,,,,,
54,Luis,Martinez,Ruiz,1,luis765@gmail.com,M,2012-3-20,0,,,,,
55,Yamile,Martinez,Assia,1,yamile591@gmail.com,F,2012-7-9,0,,,,,
56,Hector Alfonso,Hernandez,Galvis,1,hectoralfonso642@gmail.com,M,2009-9-26,0,,,,,
57,Julio Ernesto,Perez,Lopez,1,julioernesto617@gmail.com,M,2015-11-22,0,,,,,
58,Claudia Liliana,Quintero,,1,claudialiliana52@gmail.com,F,2014-3-2,0,,,,,
59,Jhon Henry,Parra,Hernandez,1,jhonhenry196@gmail.com,M,2012-6-16,0,,,,,
60,Consuelo Socorro,Rodriguez,,1,consuelosocorro742@gmail.com,F,2008-7-26,0,,,,,
61,Miguel,Castillo,,1,miguel324@gmail.com,M,2010-8-9,0,,,,,
62,Kevin Fernando,Ospina,Meza,1,kevinfernando259@gmail.com,M,2010-7-10,0,,,,,
63,Moises,Ortega,Contreras,1,moises906@gmail.com,M,2013-6-16,0,,,,,
64,Jorge Alonso,Estrada,,1,jorgealonso518@gmail.com,M,2010-12-13,0,,,,,
65,Angie Natalia,Perez,,1,angienatalia920@gmail.com,F,2005-11-19,0,,,,,
66,Amanda Lucia,Oviedo,,1,amandalucia812@gmail.com,F,2009-7-6,0,,,,,
67,Jose Gustavo,Romero,Reyes,1,josegustavo402@gmail.com,M,2011-8-8,0,,,,,
68,Hernan Jesus,Polo,,1,hernanjesus863@gmail.com,M,2008-4-1,0,,,,,
69,Herminia,Olivero,Polo,1,herminia566@gmail.com,F,2010-6-17,0,,,,,
70,Jorge Mauricio,Romero,Zuã‘Iga,1,jorgemauricio701@gmail.com,M,2014-8-15,0,,,,,
71,Maria Dolly,Arrieta,Contreras,1,mariadolly952@gmail.com,F,2005-2-3,0,,,,,
72,Maria Helena,Julio,,1,mariahelena346@gmail.com,F,2009-9-23,0,,,,,
73,Jhon Edison,Ragel,Moreno,1,jhonedison245@gmail.com,M,2009-2-26,0,,,,,
74,Olga Milena,Valle,,1,olgamilena574@gmail.com,F,2006-3-16,0,,,,,
75,Cesar Mauricio,Diaz,,1,cesarmauricio466@gmail.com,M,2014-6-25,0,,,,,
76,Silvia Patricia,Torres,Salas,1,silviapatricia385@gmail.com,F,2008-11-3,0,,,,,
77,Alba Lucero,Aguas,Villadiego,1,albalucero60@gmail.com,F,2007-9-12,0,,,,,
78,Maria Victoria,Chamorro,Gomez,1,mariavictoria362@gmail.com,F,2009-11-2,0,,,,,
79,Amalfi,Angulo,Rubio,1,amalfi415@gmail.com,F,2006-5-6,0,,,,,
80,Alejandra,Ortiz,Lagares,1,alejandra998@gmail.com,F,2011-9-11,0,,,,,
81,Karen Vanessa,Jaraba,Contreras,1,karenvanessa173@gmail.com,F,2005-3-5,0,,,,,
82,Gerardo,Paternina,Marquez,1,gerardo924@gmail.com,M,2008-3-22,0,,,,,
83,William Eduardo,Pautt,,1,williameduardo953@gmail.com,M,2005-10-27,0,,,,,
84,Lady Carolina,Martinez,,1,ladycarolina66@gmail.com,F,2009-3-11,0,,,,,
85,Yuli,Nisperuza,Acosta,1,yuli467@gmail.com,F,2007-6-9,0,,,,,
86,Miguel Alberto,Mangonez,Chamorro,1,miguelalberto92@gmail.com,M,2008-11-22,0,,,,,
87,Santiago,Guerrero,Romero,1,santiago660@gmail.com,M,2009-9-26,0,,,,,
88,Lorena Patricia,Oliveros,,1,lorenapatricia610@gmail.com,F,2013-7-3,0,,,,,
89,Rafael Andres,Almanza,,1,rafaelandres150@gmail.com,M,2013-3-17,0,,,,,
90,Julia,Banquez,,1,julia20@gmail.com,F,2011-3-7,0,,,,,
91,Maria Catalina,Simanca,Narvaez,1,mariacatalina441@gmail.com,F,2006-7-17,0,,,,,
92,William Ricardo,Escobar,,1,williamricardo182@gmail.com,M,2011-7-22,0,,,,,
93,Cristian Camilo,Perez,,1,cristiancamilo29@gmail.com,M,2007-12-24,0,,,,,
94,Jose Alirio,Castro,Melendez,1,josealirio889@gmail.com,M,2005-2-14,0,,,,,
95,Jose Santiago,Corpas,,1,josesantiago480@gmail.com,M,2006-5-22,0,,,,,
96,Olga Jesus,Molinares,Arroyo,1,olgajesus25@gmail.com,F,2005-12-16,0,,,,,
97,Victor Eduardo,Oliveros,,1,victoreduardo65@gmail.com,M,2010-10-6,0,,,,,
98,Brahian,Vitola,,1,brahian295@gmail.com,M,2014-1-12,0,,,,,
99,Lucy,Olano,Alvarez,1,lucy416@gmail.com,F,2015-9-13,0,,,,,
100,Liliana Maria,Lopez,,1,lilianamaria901@gmail.com,F,2014-7-12,0,,,,,
101,Claudia Yaneth,Montes,,1,claudiayaneth612@gmail.com,F,2005-10-24,0,,,,,
102,Jhony,Altamar,,1,jhony263@gmail.com,M,2007-2-1,0,,,,,
103,Mario Alejandro,Dominguez,,1,marioalejandro155@gmail.com,M,2015-2-2,0,,,,,
104,Ainara,Fuentes,Gaviria,1,ainara915@gmail.com,F,2006-5-28,0,,,,,
105,Maria Esperanza,Calderon,,1,mariaesperanza333@gmail.com,F,2005-2-27,0,,,,,
106,Jeison Alexander,Bustamante,Karol,1,jeisonalexander49@gmail.com,M,2009-12-27,0,,,,,
107,Adriana Lucia,Villero,Buelvas,1,adrianalucia491@gmail.com,F,2014-10-15,0,,,,,
108,Jose,Anaya,Guerra,1,jose73@gmail.com,M,2013-11-22,0,,,,,
109,Jhon Edinson,Suarez,Mercado,1,jhonedinson677@gmail.com,M,2007-1-18,0,,,,,
110,Cristina Isabel,Nuã‘Ez,Vergara,1,cristinaisabel312@gmail.com,F,2008-1-13,0,,,,,
111,Roberto Luis,Parra,,1,robertoluis607@gmail.com,M,2008-2-3,0,,,,,
112,Hernan Dario,Caro,,1,hernandario601@gmail.com,M,2012-9-22,0,,,,,
113,Jose Carmen,Ruenes,,1,josecarmen210@gmail.com,M,2013-6-24,0,,,,,
114,Sergio Alberto,Pineda,Chavez,1,sergioalberto692@gmail.com,M,2006-2-24,0,,,,,
115,Johan Alexis,Guerrero,,1,johanalexis399@gmail.com,M,2006-11-12,0,,,,,
116,Marta Ines,Gutierrez,,1,martaines26@gmail.com,F,2004-7-10,0,,,,,
117,Ivan Camilo,Salas,,1,ivancamilo26@gmail.com,M,2014-1-9,0,,,,,
118,Luz Adriana,Altamar,Hernandez,1,luzadriana412@gmail.com,F,2014-2-2,0,,,,,
119,Ana Paola,Bandera,Naranjo,1,anapaola473@gmail.com,F,2010-3-12,0,,,,,
120,Leticia,Caraballo,Franco,1,leticia558@gmail.com,F,2014-5-14,0,,,,,
121,Matthew,Ortega,Garay,1,matthew449@gmail.com,M,2009-8-25,0,,,,,
122,Jose Orlando,Paternina,Santiago,1,joseorlando898@gmail.com,M,2015-9-6,0,,,,,
123,Consuelo,Osorio,,1,consuelo372@gmail.com,F,2012-3-3,0,,,,,
124,Maria Susana,Leones,Assia,1,mariasusana821@gmail.com,F,2007-4-28,0,,,,,
125,Carlos Holmes,Anaya,,1,carlosholmes924@gmail.com,M,2008-3-5,0,,,,,
126,Norma Constanza,Lara,Acosta,1,normaconstanza671@gmail.com,F,2007-8-18,0,,,,,
127,Myriam,Montes,,1,myriam954@gmail.com,F,2009-5-10,0,,,,,
128,Johana Marcela,Acosta,,1,johanamarcela746@gmail.com,F,2010-4-13,0,,,,,
129,Hugo Andres,Canchila,,1,hugoandres790@gmail.com,M,2012-1-28,0,,,,,
130,Jose Orlando,Santos,,1,joseorlando581@gmail.com,M,2011-4-23,0,,,,,
131,Olga,Hernandez,Fernandez,1,olga33@gmail.com,F,2013-4-27,0,,,,,
132,Maria Ligia,Ochoa,,1,marialigia873@gmail.com,F,2014-4-17,0,,,,,
133,Juan Bernardo,Luna,,1,juanbernardo979@gmail.com,M,2008-10-11,0,,,,,
134,Luis Felipe,Garizabalo,Buelvas,1,luisfelipe670@gmail.com,M,2008-3-16,0,,,,,
135,Luis Alvaro,Cortez,,1,luisalvaro162@gmail.com,M,2013-5-27,0,,,,,
136,Michael Andres,Olivera,Barrios,1,michaelandres720@gmail.com,M,2009-6-1,0,,,,,
137,Carlos Esteban,Garcia,Benitez,1,carlosesteban411@gmail.com,M,2008-1-4,0,,,,,
138,Francia Milena,Rodriguez,Hurtado,1,franciamilena695@gmail.com,F,2007-3-10,0,,,,,
139,Jorge Alejandro,Paternina,Rivero,1,jorgealejandro613@gmail.com,M,2011-2-14,0,,,,,
140,Oscar Orlando,Florez,Lobos,1,oscarorlando112@gmail.com,M,2005-6-10,0,,,,,
141,Andres Camilo,Carvajal,,1,andrescamilo11@gmail.com,M,2011-10-16,0,,,,,
142,Carlos Eduardo,Guerra,,1,carloseduardo257@gmail.com,M,2012-8-14,0,,,,,
143,Diana Katherine,Rodriguez,Arrieta,1,dianakatherine714@gmail.com,F,2005-11-9,0,,,,,
144,Rosa Amelia,Martelo,,1,rosaamelia783@gmail.com,F,2009-9-12,0,,,,,
145,Andersson,Espinosa,Tapias,1,andersson550@gmail.com,M,2007-2-7,0,,,,,
146,Ricardo Jose,De La Rosa,Cuadros,1,ricardojose962@gmail.com,M,2013-11-15,0,,,,,
147,Joan David,Atencia,,1,joandavid743@gmail.com,M,2008-1-18,0,,,,,
148,Maria Doralba,Chica,,1,mariadoralba103@gmail.com,F,2011-2-4,0,,,,,
149,Edison,Berrio,,1,edison434@gmail.com,M,2015-7-11,0,,,,,
150,Hector Hernan,Caro,,1,hectorhernan511@gmail.com,M,2012-9-21,0,,,,,
151,Javier Alonso,Martinez,Salcedo,1,javieralonso322@gmail.com,M,2011-5-1,0,,,,,
152,Kevin Steven,Leguia,Montes,1,kevinsteven126@gmail.com,M,2015-10-11,0,,,,,
153,Maria Patricia,Salon,Ochoa,1,mariapatricia905@gmail.com,F,2006-12-26,0,,,,,
154,Duberney,Perez,Martinez,1,duberney733@gmail.com,M,2008-9-17,0,,,,,
155,Gloria Cecilia,Peã‘A,Ensuncho,1,gloriacecilia844@gmail.com,F,2012-9-9,0,,,,,
156,Michelle,Romero,,1,michelle796@gmail.com,F,2014-6-15,0,,,,,
157,Claudia Pilar,Herrera,,1,claudiapilar593@gmail.com,F,2008-12-5,0,,,,,
158,Rosaura,Aguas,Cervantes,1,rosaura63@gmail.com,F,2015-10-18,0,,,,,
159,Dahiana,Agamez,Romero,1,dahiana867@gmail.com,F,2012-2-9,0,,,,,
160,Jorge Omar,Meza,Barrera,1,jorgeomar41@gmail.com,M,2011-3-20,0,,,,,
161,James,Arroyo,,1,james446@gmail.com,M,2011-1-17,0,,,,,
162,Sonia Andrea,Pereira,,1,soniaandrea330@gmail.com,F,2006-10-13,0,,,,,
163,Daniel Ricardo,Marquez,Valle,1,danielricardo444@gmail.com,M,2008-4-19,0,,,,,
164,Danna Valentina,Contreras,,1,dannavalentina406@gmail.com,F,2005-10-1,0,,,,,
165,Bertha Lucia,Bertel,Ortiz,1,berthalucia329@gmail.com,F,2015-7-17,0,,,,,
166,Natali,Vega,,1,natali946@gmail.com,F,2006-3-28,0,,,,,
167,Wilson Enrique,Perez,Corrales,1,wilsonenrique388@gmail.com,M,2010-5-13,0,,,,,
168,Maria Esperanza,De Rubio,,1,mariaesperanza155@gmail.com,F,2014-3-26,0,,,,,
169,Cristhian David,Serpa,,1,cristhiandavid891@gmail.com,M,2014-5-26,0,,,,,
170,Ines,Espinosa,,1,ines845@gmail.com,F,2010-4-25,0,,,,,
171,Guillermo Alfonso,Murillo,Hernandez,1,guillermoalfonso232@gmail.com,M,2006-5-12,0,,,,,
172,Jesus Hernan,De Morales,,1,jesushernan266@gmail.com,M,2011-9-3,0,,,,,
173,Jose Ignacio,Muã‘Oz,Mercado,1,joseignacio219@gmail.com,M,2010-10-19,0,,,,,
174,Maria Fabiola,Salcedo,Cardenas,1,mariafabiola873@gmail.com,F,2006-2-24,0,,,,,
175,Bryan,Lara,,1,bryan201@gmail.com,M,2014-5-25,0,,,,,
176,Fernando Alberto,Arrieta,Cordoba,1,fernandoalberto984@gmail.com,M,2007-12-19,0,,,,,
177,Alba Maria,Valle,,1,albamaria551@gmail.com,F,2014-6-5,0,,,,,
178,Sara,Martinez,,1,sara636@gmail.com,F,2007-11-23,0,,,,,
179,Jhon James,Morales,Sarmiento,1,jhonjames939@gmail.com,M,2004-3-18,0,,,,,
180,Carlina,Novoa,Caro,1,carlina484@gmail.com,F,2009-2-23,0,,,,,
181,Ana Karina,Alvarez,,1,anakarina972@gmail.com,F,2010-12-19,0,,,,,
182,Samantha,Tirado,,1,samantha468@gmail.com,F,2015-8-1,0,,,,,
183,Dora Elena,Morales,Montes,1,doraelena108@gmail.com,F,2005-1-8,0,,,,,
184,Jhon Edison,Ortiz,Rivero,1,jhonedison285@gmail.com,M,2005-5-4,0,,,,,
185,Claudia Rocio,Herrera,Cogollo,1,claudiarocio633@gmail.com,F,2009-1-5,0,,,,,
186,Salomon,Acosta,,1,salomon372@gmail.com,M,2012-9-5,0,,,,,
187,Gloria Carmen,Licona,Buelvas,1,gloriacarmen240@gmail.com,F,2014-8-6,0,,,,,
188,Laura Isabella,Hernandez,,1,lauraisabella569@gmail.com,F,2014-8-12,0,,,,,
189,Viviana Andrea,Anaya,Alvarez,1,vivianaandrea869@gmail.com,F,2015-12-2,0,,,,,
190,Jenny Andrea,Mercado,,1,jennyandrea576@gmail.com,F,2007-1-11,0,,,,,
191,Jesus Alberto,Tovar,,1,jesusalberto78@gmail.com,M,2009-10-22,0,,,,,
192,Jose Alfonso,Salcedo,,1,josealfonso197@gmail.com,M,2014-11-11,0,,,,,
193,Azucena,Moreno,Herazo,1,azucena938@gmail.com,F,2009-6-20,0,,,,,
194,Juan Sebastian,Alvarez,,1,juansebastian216@gmail.com,M,2006-9-5,0,,,,,
195,Manuel Jesus,Avila,Olano,1,manueljesus970@gmail.com,M,2015-5-5,0,,,,,
196,Maximiliano,Karol,Berrio,1,maximiliano498@gmail.com,M,2005-11-20,0,,,,,
197,Maria Helena,Sequeda,,1,mariahelena165@gmail.com,F,2009-5-18,0,,,,,
198,Marino,Benitez,,1,marino618@gmail.com,M,2008-4-5,0,,,,,
199,Angie Melissa,Alvarez,,1,angiemelissa892@gmail.com,F,2014-2-11,0,,,,,
200,Olga Patricia,Rivero,,1,olgapatricia254@gmail.com,F,2011-2-14,0,,,,,
201,Fidelina,Mercado,,1,fidelina288@gmail.com,F,2009-11-26,0,,,,,
202,Rosario,Diaz,,1,rosario580@gmail.com,F,2015-11-8,0,,,,,
203,Carlos David,Ortega,Gutierrez,1,carlosdavid991@gmail.com,M,2014-2-24,0,,,,,
204,Hector Jaime,Verbel,,1,hectorjaime917@gmail.com,M,2009-2-22,0,,,,,
205,Jair,Hernandez,Toro,1,jair31@gmail.com,M,2005-5-1,0,,,,,
206,Erika Johana,Mestra,,1,erikajohana535@gmail.com,F,2012-7-21,0,,,,,
207,Gloria Patricia,Lozano,,1,gloriapatricia689@gmail.com,F,2011-3-4,0,,,,,
208,Ana Carolina,Estrada,Villa,1,anacarolina371@gmail.com,F,2006-3-17,0,,,,,
209,Ana Silvia,Florez,Padilla,1,anasilvia758@gmail.com,F,2012-11-2,0,,,,,
210,Luz Marina,Lidueã‘A,Castro,1,luzmarina88@gmail.com,F,2005-3-18,0,,,,,
211,Gloria Mercedes,Vasques,Torres,1,gloriamercedes232@gmail.com,F,2007-4-19,0,,,,,
212,Guadalupe,Santos,,1,guadalupe746@gmail.com,F,2013-2-17,0,,,,,
213,Deiby,Florez,Perez,1,deiby464@gmail.com,M,2006-12-18,0,,,,,
214,Jose Daniel,Henriquez,,1,josedaniel340@gmail.com,M,2010-12-18,0,,,,,
215,Osvaldo,Anaya,Sierra,1,osvaldo730@gmail.com,M,2006-5-20,0,,,,,
216,Jose Diego,Martinez,Ricardo,1,josediego304@gmail.com,M,2009-8-9,0,,,,,
217,Jonathan Andres,Tuiran,Piã‘Eres,1,jonathanandres123@gmail.com,M,2008-11-17,0,,,,,
218,Bernardo Antonio,Bohorquez,,1,bernardoantonio349@gmail.com,M,2007-5-12,0,,,,,
219,Nicole,Perez,Chamorro,1,nicole231@gmail.com,F,2005-3-4,0,,,,,
220,Maria Hilda,Mendoza,Garzon,1,mariahilda580@gmail.com,F,2004-12-25,0,,,,,
221,Cesar David,Otero,,1,cesardavid804@gmail.com,M,2013-8-1,0,,,,,
222,Gladis,Mangones,Julio,1,gladis258@gmail.com,F,2008-9-18,0,,,,,
223,Olga,Martinez,Herrera,1,olga205@gmail.com,F,2005-10-12,0,,,,,
224,Paulo Andres,Romero,,1,pauloandres691@gmail.com,M,2010-11-19,0,,,,,
225,Carlos Eduardo,Assia,Olivera,1,carloseduardo805@gmail.com,M,2004-6-3,0,,,,,
226,Pedro Nel,Buelvas,,1,pedronel69@gmail.com,M,2006-7-14,0,,,,,
227,Mery,Hernandez,Polo,1,mery754@gmail.com,F,2005-9-12,0,,,,,
228,Wilmer Antonio,Morales,Bertel,1,wilmerantonio533@gmail.com,M,2014-1-9,0,,,,,
229,Fernando Alonso,Betin,Pozo,1,fernandoalonso395@gmail.com,M,2012-9-17,0,,,,,
230,Paola Andrea,Madrid,,1,paolaandrea561@gmail.com,F,2009-3-6,0,,,,,
231,Maria Gloria,Sierra,,1,mariagloria830@gmail.com,F,2009-8-22,0,,,,,
232,Jhon Alexis,Lidueã‘A,,1,jhonalexis504@gmail.com,M,2009-12-12,0,,,,,
233,Diana Ximena,Arias,,1,dianaximena987@gmail.com,F,2010-3-14,0,,,,,
234,Jorge Albeiro,Prasca,Perez,1,jorgealbeiro88@gmail.com,M,2009-8-15,0,,,,,
235,Diego German,Alvarez,,1,diegogerman674@gmail.com,M,2012-2-17,0,,,,,
236,Miguel Alejandro,Acosta,,1,miguelalejandro923@gmail.com,M,2014-1-17,0,,,,,
237,Maria Nancy,Camargo,,1,marianancy396@gmail.com,F,2011-3-18,0,,,,,
238,Catalina Maria,Sierra,,1,catalinamaria344@gmail.com,F,2012-7-12,0,,,,,
239,Marleni,Florez,,1,marleni58@gmail.com,F,2008-10-2,0,,,,,
240,Oliverio,Ortiz,,1,oliverio179@gmail.com,M,2009-3-26,0,,,,,
241,Jhoan Sebastian,Dominguez,,1,jhoansebastian68@gmail.com,M,2012-8-27,0,,,,,
242,Leydi Johanna,Benitez,Perez,1,leydijohanna805@gmail.com,F,2007-7-23,0,,,,,
243,Caroline,Carvajal,Marquez,1,caroline253@gmail.com,F,2012-9-8,0,,,,,
244,Karen Vanessa,Romero,,1,karenvanessa300@gmail.com,F,2007-11-28,0,,,,,
245,Silvia,Anaya,Mendez,1,silvia463@gmail.com,F,2008-7-18,0,,,,,
246,Jose Vicente,Campo,,1,josevicente57@gmail.com,M,2015-1-12,0,,,,,
247,Diana Carolina,Naranjo,Vasquez,1,dianacarolina320@gmail.com,F,2006-10-24,0,,,,,
248,Diego Eduardo,Hoyos,,1,diegoeduardo209@gmail.com,M,2006-7-9,0,,,,,
249,Ivan,Oviedo,Ricardo,1,ivan227@gmail.com,M,2005-4-2,0,,,,,
250,Jenifer Andrea,Rivero,,1,jeniferandrea166@gmail.com,F,2015-1-5,0,,,,,
251,John Faber,Acosta,,1,johnfaber468@gmail.com,M,2007-4-18,0,,,,,
252,Wilson Dario,Rodriguez,Navarro,1,wilsondario203@gmail.com,M,2005-5-28,0,,,,,
253,Leonardo Jesus,Julio,,1,leonardojesus910@gmail.com,M,2009-2-18,0,,,,,
254,Milton Cesar,Alvarez,,1,miltoncesar238@gmail.com,M,2005-12-6,0,,,,,
255,Claudia Maria,Arias,,1,claudiamaria929@gmail.com,F,2004-2-6,0,,,,,
256,Pablo Emilio,Navad,Paternina,1,pabloemilio663@gmail.com,M,2010-8-6,0,,,,,
257,Maria Libia,Marquez,,1,marialibia130@gmail.com,F,2015-11-5,0,,,,,
258,Christopher,Guerrero,Montes,1,christopher697@gmail.com,M,2008-8-7,0,,,,,
259,Ana Patricia,Vitola,,1,anapatricia158@gmail.com,F,2013-6-26,0,,,,,
260,Alexis,Tejada,Dion,1,alexis184@gmail.com,M,2004-10-27,0,,,,,
261,William Alberto,Asendra,,1,williamalberto400@gmail.com,M,2006-10-14,0,,,,,
262,Guillermo Alfonso,Carrascal,,1,guillermoalfonso523@gmail.com,M,2005-5-26,0,,,,,
263,Juan Guillermo,Benitez,Martinez,1,juanguillermo815@gmail.com,M,2014-4-20,0,,,,,
264,Carmen Rosa,Ricardo,Melendez,1,carmenrosa777@gmail.com,F,2013-2-3,0,,,,,
265,Jhoan David,Morales,Guevara,1,jhoandavid571@gmail.com,M,2011-11-26,0,,,,,
266,William Jesus,Barreto,,1,williamjesus123@gmail.com,M,2006-3-12,0,,,,,
267,Gerard,Carvajal,Gomez,1,gerard69@gmail.com,M,2008-5-22,0,,,,,
268,Eduardo Enrique,Camargo,,1,eduardoenrique945@gmail.com,M,2010-10-12,0,,,,,
269,Diana Janeth,De Contreras,,1,dianajaneth589@gmail.com,F,2011-1-4,0,,,,,
270,Brayan,Guzman,Martinez,1,brayan516@gmail.com,M,2014-2-28,0,,,,,
271,Jose David,Berrio,,1,josedavid753@gmail.com,M,2015-7-23,0,,,,,
272,Johann,Gonzalez,,1,johann133@gmail.com,M,2005-10-6,0,,,,,
273,Jorge Hernan,Pozo,Silva,1,jorgehernan563@gmail.com,M,2015-7-17,0,,,,,
274,Didier,Jimenez,,1,didier829@gmail.com,M,2008-2-20,0,,,,,
275,Kelly Vanessa,Chamorro,,1,kellyvanessa331@gmail.com,F,2010-11-17,0,,,,,
276,Hebert,Canchila,,1,hebert34@gmail.com,M,2009-5-13,0,,,,,
277,Daniel Fernando,Blanco,,1,danielfernando170@gmail.com,M,2006-2-24,0,,,,,
278,Javier Orlando,Villamizar,Payares,1,javierorlando945@gmail.com,M,2011-12-4,0,,,,,
279,Adan,Atencia,Mercado,1,adan368@gmail.com,M,2005-6-14,0,,,,,
280,Uriel Jesus,Ramos,,1,urieljesus402@gmail.com,M,2010-9-25,0,,,,,
281,Rosa Amelia,Orozco,Castro,1,rosaamelia366@gmail.com,F,2006-12-3,0,,,,,
282,Lucrecia,Nisperuza,Arroyo,1,lucrecia475@gmail.com,F,2013-7-26,0,,,,,
283,Cristian,Martelo,Pacheco,1,cristian415@gmail.com,M,2006-3-26,0,,,,,
284,Marta Cecilia,Barboza,,1,martacecilia267@gmail.com,F,2011-10-18,0,,,,,
285,Dora Lucia,Oviedo,,1,doralucia949@gmail.com,F,2006-9-23,0,,,,,
286,Maria Beatriz,Martinez,,1,mariabeatriz147@gmail.com,F,2009-12-4,0,,,,,
287,Miguel,Moreno,,1,miguel897@gmail.com,M,2010-5-9,0,,,,,
288,Edwin,Romero,Contreras,1,edwin647@gmail.com,M,2008-5-21,0,,,,,
289,Adelina,Rodriguez,,1,adelina759@gmail.com,F,2013-2-27,0,,,,,
290,Alfredo,Hernandez,Mangones,1,alfredo820@gmail.com,M,2015-7-10,0,,,,,
291,Maria Olga,Benitez,,1,mariaolga642@gmail.com,F,2012-9-13,0,,,,,
292,Blanca Libia,Hernandez,,1,blancalibia441@gmail.com,F,2005-10-20,0,,,,,
293,Aydee,Balcazar,Piã‘Eres,1,aydee95@gmail.com,F,2004-11-4,0,,,,,
294,Julian Eduardo,Hernandez,,1,julianeduardo745@gmail.com,M,2008-12-8,0,,,,,
295,Jose Gustavo,Navarro,,1,josegustavo191@gmail.com,M,2008-3-24,0,,,,,
296,Jeniffer,Arrieta,,1,jeniffer23@gmail.com,F,2006-1-17,0,,,,,
297,Katherine,Romero,Martinez,1,katherine39@gmail.com,F,2004-2-1,0,,,,,
298,Ludivia,Martinez,,1,ludivia683@gmail.com,F,2007-7-10,0,,,,,
299,Nohemy,De Arrieta,Torres,1,nohemy216@gmail.com,F,2005-8-22,0,,,,,
300,Sergio Esteban,Arrieta,,1,sergioesteban863@gmail.com,M,2005-2-1,0,,,,,
301,Camilo,Canchila,Perez,1,camilo718@gmail.com,M,2009-12-27,0,,,,,
302,Daniel Mateo,Videz,Vergara,1,danielmateo402@gmail.com,M,2007-12-26,0,,,,,
303,Jose Hernan,Hernandez,Rios,1,josehernan224@gmail.com,M,2004-8-17,0,,,,,
304,Jose Reinaldo,Castillo,Camargo,1,josereinaldo522@gmail.com,M,2008-1-3,0,,,,,
305,Rosario,Zabaleta,,1,rosario310@gmail.com,F,2006-6-13,0,,,,,
306,Jose Ricardo,Paternina,,1,josericardo538@gmail.com,M,2004-4-25,0,,,,,
307,Erika Andrea,Ortiz,,1,erikaandrea761@gmail.com,F,2005-4-14,0,,,,,
308,David Fernando,Verbel,Flores,1,davidfernando605@gmail.com,M,2011-1-18,0,,,,,
309,Geraldine,Jorge,Mejia,1,geraldine465@gmail.com,F,2014-10-14,0,,,,,
310,Maria Consuelo,Oviedo,,1,mariaconsuelo503@gmail.com,F,2005-9-5,0,,,,,
311,Amanda Lucia,Hernandez,,1,amandalucia368@gmail.com,F,2012-5-22,0,,,,,
312,Sobeida,Zabaleta,,1,sobeida872@gmail.com,F,2004-11-20,0,,,,,
313,Jakeline,Peã‘A,,1,jakeline343@gmail.com,F,2015-8-8,0,,,,,
314,Diana Cecilia,Monterroza,Trespalacio,1,dianacecilia217@gmail.com,F,2006-5-13,0,,,,,
315,Laura Daniela,Lobo,,1,lauradaniela646@gmail.com,F,2015-4-18,0,,,,,
316,Benjamin,Rodriguez,,1,benjamin913@gmail.com,M,2005-12-14,0,,,,,
317,Nancy,Martinez,,1,nancy687@gmail.com,F,2006-9-7,0,,,,,
318,Tatiana Andrea,Julio,Vides,1,tatianaandrea766@gmail.com,F,2005-8-23,0,,,,,
319,Jhon Mauricio,Vasquez,Cuadros,1,jhonmauricio103@gmail.com,M,2011-12-3,0,,,,,
320,Lucila,Luna,Diaz,1,lucila296@gmail.com,F,2008-4-22,0,,,,,
321,German David,Sierra,Chamorro,1,germandavid827@gmail.com,M,2007-11-1,0,,,,,
322,Gerardo,Martinez,,1,gerardo35@gmail.com,M,2009-11-18,0,,,,,
323,Harold David,Mendoza,,1,harolddavid610@gmail.com,M,2009-7-1,0,,,,,
324,Robinson Andres,Altamar,Paredes,1,robinsonandres87@gmail.com,M,2013-7-26,0,,,,,
325,Wilson Alexander,Ortega,,1,wilsonalexander853@gmail.com,M,2005-1-13,0,,,,,
326,Maria Rubiela,Berrio,,1,mariarubiela964@gmail.com,F,2015-4-11,0,,,,,
327,Yulieth,Lara,,1,yulieth158@gmail.com,F,2008-2-22,0,,,,,
328,Dolores,Zabaleta,,1,dolores323@gmail.com,F,2005-5-2,0,,,,,
329,Cesar Mauricio,Gutierrez,,1,cesarmauricio214@gmail.com,M,2014-7-25,0,,,,,
330,Daniel Mateo,Juez,Hurtado,1,danielmateo96@gmail.com,M,2011-3-28,0,,,,,
331,Maria Berenice,Lara,Parra,1,mariaberenice567@gmail.com,F,2007-1-1,0,,,,,
332,Adiela,Sierra,,1,adiela421@gmail.com,F,2013-1-5,0,,,,,
333,Ana Victoria,Rivero,,1,anavictoria343@gmail.com,F,2009-7-21,0,,,,,
334,Millerlandy,Santiago,Cordoba,1,millerlandy395@gmail.com,F,2006-6-15,0,,,,,
335,Jose Aristides,Rivero,Garcia,1,josearistides120@gmail.com,M,2007-5-16,0,,,,,
336,Isabella,Elias,,1,isabella803@gmail.com,F,2010-5-13,0,,,,,
337,Sandra Tatiana,De Paternina,Peroza,1,sandratatiana710@gmail.com,F,2004-11-27,0,,,,,
338,Daniel Camilo,Arroyo,,1,danielcamilo893@gmail.com,M,2010-4-11,0,,,,,
339,Marta Isabel,Trespalacio,Ortega,1,martaisabel349@gmail.com,F,2011-10-24,0,,,,,
340,Ricardo Leon,Murillo,Camargo,1,ricardoleon816@gmail.com,M,2010-2-24,0,,,,,
341,Manuel Guillermo,Alvarez,,1,manuelguillermo641@gmail.com,M,2010-10-20,0,,,,,
342,Luz Adriana,Basilio,Karol,1,luzadriana894@gmail.com,F,2015-3-16,0,,,,,
343,Jenny,De Merlano,Arrieta,1,jenny510@gmail.com,F,2014-3-27,0,,,,,
344,Maria Dilia,Peã‘Afiel,,1,mariadilia219@gmail.com,F,2012-5-14,0,,,,,
345,Hugo Fernando,Oliveros,Mercado,1,hugofernando991@gmail.com,M,2009-12-15,0,,,,,
346,German Dario,Valle,Pozo,1,germandario279@gmail.com,M,2008-3-22,0,,,,,
347,Gregory,Bustamante,,1,gregory284@gmail.com,M,2008-11-18,0,,,,,
348,Monica Tatiana,Ramos,,1,monicatatiana352@gmail.com,F,2012-12-19,0,,,,,
349,Jhonny Alexander,Baron,De Dominguez,1,jhonnyalexander78@gmail.com,M,2006-10-11,0,,,,,
350,Virginia,De Arias,Montes,1,virginia252@gmail.com,F,2008-6-15,0,,,,,
351,Jose Norbey,Mendoza,Martinez,1,josenorbey610@gmail.com,M,2005-8-10,0,,,,,
352,Orlando,Vides,Mendoza,1,orlando106@gmail.com,M,2012-3-21,0,,,,,
353,Johana Marcela,Pereira,,1,johanamarcela99@gmail.com,F,2010-2-25,0,,,,,
354,Roberto Antonio,Calao,,1,robertoantonio840@gmail.com,M,2011-1-28,0,,,,,
355,Liceth,Garcia,,1,liceth423@gmail.com,F,2012-11-26,0,,,,,
356,Nilson,Teheran,,1,nilson743@gmail.com,M,2005-1-3,0,,,,,
357,Hector Augusto,Ayala,Garcia,1,hectoraugusto998@gmail.com,M,2005-9-6,0,,,,,
358,Leydi,Dias,Alvarez,1,leydi753@gmail.com,F,2008-5-20,0,,,,,
359,Karol,Martelo,Verbel,1,karol268@gmail.com,F,2010-10-25,0,,,,,
360,Ivanna,Arrieta,,1,ivanna996@gmail.com,F,2008-3-11,0,,,,,
361,Joseph,Martinez,,1,joseph845@gmail.com,M,2013-9-5,0,,,,,
362,Eliseo,Villalba,,1,eliseo150@gmail.com,M,2006-8-17,0,,,,,
363,Omaira,Gonzalez,Lobo,1,omaira294@gmail.com,F,2006-5-13,0,,,,,
364,Jessica Maria,Martinez,,1,jessicamaria860@gmail.com,F,2005-2-13,0,,,,,
365,Diego Mauricio,Hernandez,Barreto,1,diegomauricio163@gmail.com,M,2005-12-20,0,,,,,
366,Maria Judith,Rojas,,1,mariajudith597@gmail.com,F,2010-9-20,0,,,,,
367,Hortensia,Martinez,,1,hortensia63@gmail.com,F,2013-9-20,0,,,,,
368,Javier,Lan,,1,javier212@gmail.com,M,2010-12-24,0,,,,,
369,Jhonatan David,Agames,Arroyo,1,jhonatandavid284@gmail.com,M,2008-6-5,0,,,,,
370,Graciela,Sandoval,Garces,1,graciela992@gmail.com,F,2011-4-4,0,,,,,
371,Luz Estella,Vanegas,,1,luzestella818@gmail.com,F,2010-5-21,0,,,,,
372,Daniela Alexandra,Mendez,Arias,1,danielaalexandra299@gmail.com,F,2014-4-10,0,,,,,
373,Sonia Andrea,Espinosa,,1,soniaandrea949@gmail.com,F,2009-11-1,0,,,,,
374,Jose William,Meza,,1,josewilliam967@gmail.com,M,2007-10-20,0,,,,,
375,Diana Fernanda,Castillo,,1,dianafernanda434@gmail.com,F,2005-11-3,0,,,,,
376,Alex Fernando,Nar,Hernandez,1,alexfernando625@gmail.com,M,2010-10-18,0,,,,,
377,Helmer,Aconcho,Ruiz,1,helmer320@gmail.com,M,2004-9-25,0,,,,,
378,Hermelinda,Osorio,Alvarez,1,hermelinda343@gmail.com,F,2015-1-20,0,,,,,
379,Norma Constanza,Alban,Piã‘Eres,1,normaconstanza167@gmail.com,F,2011-9-11,0,,,,,
380,Laura Manuela,Burgos,Montes,1,lauramanuela967@gmail.com,F,2008-8-24,0,,,,,
381,Paula Cristina,Carranza,Chavarria,1,paulacristina953@gmail.com,F,2004-2-26,0,,,,,
382,Margarita Rosa,Borja,Caldera,1,margaritarosa583@gmail.com,F,2013-9-24,0,,,,,
383,Jenny Fernanda,Moreno,Perez,1,jennyfernanda428@gmail.com,F,2008-9-12,0,,,,,
384,Olga Rocio,Quintero,,1,olgarocio28@gmail.com,F,2011-8-22,0,,,,,
385,Raul Alberto,Doria,Romero,1,raulalberto901@gmail.com,M,2006-8-11,0,,,,,
386,Allison,Bohorquez,De Montes,1,allison456@gmail.com,F,2007-8-15,0,,,,,
387,Karen Tatiana,Rodelo,Chica,1,karentatiana214@gmail.com,F,2006-8-20,0,,,,,
388,David,Ruiz,Ossa,1,david57@gmail.com,M,2004-8-26,0,,,,,
389,Ariadna,Gonzalez,,1,ariadna865@gmail.com,F,2008-11-28,0,,,,,
390,Oliva,Diã‘Eres,Mercado,1,oliva682@gmail.com,F,2012-7-12,0,,,,,
391,Nelson Jesus,Leguia,Nisperuza,1,nelsonjesus927@gmail.com,M,2005-9-9,0,,,,,
392,Jose Humberto,Pacheco,,1,josehumberto514@gmail.com,M,2011-4-1,0,,,,,
393,Delia,Baiz,Monterroza,1,delia287@gmail.com,F,2008-10-10,0,,,,,
394,Gloria Patricia,Villalba,,1,gloriapatricia928@gmail.com,F,2009-6-14,0,,,,,
395,Andrea Paola,Salazar,De La Ossa,1,andreapaola162@gmail.com,F,2006-7-15,0,,,,,
396,Maria Piedad,Lara,Paredes,1,mariapiedad807@gmail.com,F,2007-11-9,0,,,,,
397,Hector Hugo,Galvis,,1,hectorhugo619@gmail.com,M,2009-11-1,0,,,,,
398,Vicente,Avila,Mangonez,1,vicente824@gmail.com,M,2014-4-18,0,,,,,
399,Wilder,Leiton,,1,wilder760@gmail.com,M,2006-8-12,0,,,,,
400,Zully,Pereira,,1,zully942@gmail.com,F,2013-12-17,0,,,,,
401,Dioselina,Osuna,,1,dioselina150@gmail.com,F,2011-9-1,0,,,,,
402,Adriana Marcela,Romero,Berrio,1,adrianamarcela138@gmail.com,F,2010-6-14,0,,,,,
403,Andres Enrique,Siolo,Rodriguez,1,andresenrique752@gmail.com,M,2012-7-6,0,,,,,
404,Maria Adelaida,Benitez,Hernandez,1,mariaadelaida559@gmail.com,F,2015-4-26,0,,,,,
405,Maria Delia,Arrieta,Alvarez,1,mariadelia233@gmail.com,F,2010-10-5,0,,,,,
406,Johanna Marcela,De Lucas,,1,johannamarcela425@gmail.com,F,2004-9-20,0,,,,,
407,Ivan Dario,Cervantes,,1,ivandario289@gmail.com,M,2013-1-11,0,,,,,
408,Edgar Javier,Mangones,Jimenez,1,edgarjavier688@gmail.com,M,2010-9-20,0,,,,,
409,Yurani,Ruenes,Arrieta,1,yurani395@gmail.com,F,2014-4-28,0,,,,,
410,Ramiro,Lopez,,1,ramiro764@gmail.com,M,2015-3-25,0,,,,,
411,Brayan Andres,Rivero,,1,brayanandres634@gmail.com,M,2012-7-13,0,,,,,
412,Laura Lucia,Suarez,Camargo,1,lauralucia952@gmail.com,F,2015-3-28,0,,,,,
413,Idaly,Guzman,,1,idaly255@gmail.com,F,2010-5-13,0,,,,,
414,Adalberto,Torres,Reyes,1,adalberto658@gmail.com,M,2009-1-3,0,,,,,
415,Maria Estela,Feria,Meza,1,mariaestela13@gmail.com,F,2013-12-11,0,,,,,
416,Jeferson,Perez,,1,jeferson636@gmail.com,M,2012-1-22,0,,,,,
417,Ingrid Paola,Martinez,Salcedo,1,ingridpaola977@gmail.com,F,2004-4-22,0,,,,,
418,Monica Isabel,Arrieta,Gaviria,1,monicaisabel925@gmail.com,F,2014-3-13,0,,,,,
419,Deisy,Lopez,,1,deisy111@gmail.com,F,2005-8-14,0,,,,,
420,Ivan Camilo,Muã‘Oz,Gonzalez,1,ivancamilo616@gmail.com,M,2006-3-19,0,,,,,
421,Pedro Antonio,Villalba,Acosta,1,pedroantonio512@gmail.com,M,2007-12-24,0,,,,,
422,Ivan Alberto,Salas,Avilez,1,ivanalberto374@gmail.com,M,2015-2-12,0,,,,,
423,Amanda,Castillo,,1,amanda356@gmail.com,F,2004-4-12,0,,,,,
424,Hugo Nelson,Diaz,,1,hugonelson820@gmail.com,M,2013-5-20,0,,,,,
425,Emma,Cordoba,Vergara,1,emma38@gmail.com,F,2010-7-9,0,,,,,
426,Silvia Andrea,Hernandez,Chamorro,1,silviaandrea659@gmail.com,F,2014-2-14,0,,,,,
427,Wilson Orlando,Escobar,Romero,1,wilsonorlando901@gmail.com,M,2011-11-14,0,,,,,
428,Edwin Alberto,Martinez,Licona,1,edwinalberto23@gmail.com,M,2007-9-8,0,,,,,
429,Eliana Patricia,Berrio,,1,elianapatricia107@gmail.com,F,2005-2-25,0,,,,,
430,Jair Alexander,Tirado,Blanco,1,jairalexander546@gmail.com,M,2007-7-8,0,,,,,
431,Jaime Alejandro,Chavez,,1,jaimealejandro872@gmail.com,M,2011-5-8,0,,,,,
432,Jessica Natalia,Ruiz,,1,jessicanatalia220@gmail.com,F,2004-8-11,0,,,,,
433,Martin Emilio,Espinosa,,1,martinemilio916@gmail.com,M,2006-6-10,0,,,,,
434,Jose Diego,Asendra,,1,josediego676@gmail.com,M,2005-5-6,0,,,,,
435,Sigifredo,Chima,,1,sigifredo626@gmail.com,M,2014-9-11,0,,,,,
436,Maria Esmeralda,Flores,Medrano,1,mariaesmeralda91@gmail.com,F,2007-12-10,0,,,,,
437,Leidy Laura,Hoyos,Julio,1,leidylaura234@gmail.com,F,2009-7-25,0,,,,,
438,Elizabeth,Tamara,Castillo,1,elizabeth19@gmail.com,F,2011-12-26,0,,,,,
439,Luis Miguel,Sierra,Barreto,1,luismiguel403@gmail.com,M,2009-3-6,0,,,,,
440,Gloria Socorro,Mendoza,,1,gloriasocorro917@gmail.com,F,2005-2-16,0,,,,,
441,Leydi Johanna,Monsalve,,1,leydijohanna374@gmail.com,F,2014-1-24,0,,,,,
442,Jose Agustin,Contreras,Marquez,1,joseagustin997@gmail.com,M,2015-6-7,0,,,,,
443,Leidy Patricia,Oviedo,Galindo,1,leidypatricia243@gmail.com,F,2006-5-5,0,,,,,
444,Maria Ines,Ortega,,1,mariaines81@gmail.com,F,2011-4-28,0,,,,,
445,Edwin Armando,Martinez,,1,edwinarmando577@gmail.com,M,2009-3-11,0,,,,,
446,Maria Paulina,Diaz,,1,mariapaulina323@gmail.com,F,2004-4-14,0,,,,,
447,Mario German,Altamiranda,Osorio,1,mariogerman147@gmail.com,M,2015-10-18,0,,,,,
448,Pedro Alexander,Quintero,,1,pedroalexander13@gmail.com,M,2009-9-21,0,,,,,
449,Francy Lorena,Teheran,,1,francylorena569@gmail.com,F,2004-4-12,0,,,,,
450,Julian Dario,Meza,Diaz,1,juliandario397@gmail.com,M,2012-9-10,0,,,,,
451,Nidia,Diaz,Martinez,1,nidia363@gmail.com,F,2006-11-23,0,,,,,
452,Julio Cesar,Feria,Rivero,1,juliocesar462@gmail.com,M,2010-12-24,0,,,,,
453,Carlos Ernesto,Payares,,1,carlosernesto102@gmail.com,M,2007-10-21,0,,,,,
454,Alexander Antonio,Hernandez,,1,alexanderantonio640@gmail.com,M,2010-3-9,0,,,,,
455,Maria Orfilia,Benitez,,1,mariaorfilia33@gmail.com,F,2010-7-8,0,,,,,
456,Victor Eduardo,Teheran,,1,victoreduardo10@gmail.com,M,2006-1-18,0,,,,,
457,Graciela,Alvarez,,1,graciela750@gmail.com,F,2015-2-26,0,,,,,
458,German Andres,De Lucas,,1,germanandres229@gmail.com,M,2010-3-25,0,,,,,
459,Luis Miguel,Mangones,Carrascal,1,luismiguel504@gmail.com,M,2004-7-9,0,,,,,
460,Luz Adiela,Serpa,Buelvas,1,luzadiela526@gmail.com,F,2015-6-15,0,,,,,
461,Clara Isabel,Bustamante,,1,claraisabel359@gmail.com,F,2009-7-22,0,,,,,
462,Andres David,Romero,,1,andresdavid691@gmail.com,M,2008-3-4,0,,,,,
463,Gustavo Alberto,Rivero,,1,gustavoalberto386@gmail.com,M,2007-10-18,0,,,,,
464,Carlos Alejandro,Jimenez,De Garrido,1,carlosalejandro597@gmail.com,M,2007-9-12,0,,,,,
465,Manuel Andres,Baldovino,,1,manuelandres585@gmail.com,M,2010-4-11,0,,,,,
466,Olga,Pereira,Vargas,1,olga819@gmail.com,F,2013-6-11,0,,,,,
467,Eleonora,Leguia,Montalvo,1,eleonora841@gmail.com,F,2006-12-16,0,,,,,
468,Jhoan David,Arrieta,,1,jhoandavid95@gmail.com,M,2014-9-2,0,,,,,
469,John Eduard,Toro,Perez,1,johneduard984@gmail.com,M,2006-8-23,0,,,,,
470,Gloria Teresa,Morales,Correa,1,gloriateresa878@gmail.com,F,2009-1-26,0,,,,,
471,Erika Patricia,Romero,,1,erikapatricia893@gmail.com,F,2012-3-6,0,,,,,
472,Yamileth,Hernandez,,1,yamileth853@gmail.com,F,2012-12-20,0,,,,,
473,Blanca Alicia,Vargas,Peralta,1,blancaalicia181@gmail.com,F,2015-1-12,0,,,,,
474,Jhonatan Andres,Perez,,1,jhonatanandres522@gmail.com,M,2009-7-19,0,,,,,
475,Monica Patricia,Romero,Acosta,1,monicapatricia855@gmail.com,F,2005-10-4,0,,,,,
476,Maria Graciela,Torres,Berrio,1,mariagraciela322@gmail.com,F,2013-9-21,0,,,,,
477,Karen Paola,Calderin,Banquez,1,karenpaola347@gmail.com,F,2008-10-3,0,,,,,
478,Oscar Dario,Hernandez,,1,oscardario660@gmail.com,M,2004-11-14,0,,,,,
479,Edwin Antonio,Morales,,1,edwinantonio575@gmail.com,M,2005-9-7,0,,,,,
480,Floralba,Martinez,,2,floralba773@gmail.com,F,1964-5-22,0,,,,,
481,Maria Aurora,Mora,Atencia,2,mariaaurora797@gmail.com,F,1984-5-10,0,,,,,
482,Carlos,Parra,,2,carlos360@gmail.com,M,1982-5-3,0,,,,,
483,John Felipe,Paternina,,2,johnfelipe942@gmail.com,M,1967-11-22,0,,,,,
484,Johana Paola,Fuentes,Torres,2,johanapaola84@gmail.com,F,1984-8-27,0,,,,,
485,Yudy,Alviz,,2,yudy389@gmail.com,F,1977-10-24,0,,,,,
486,Esteban,Mejia,,2,esteban611@gmail.com,M,1982-10-3,0,,,,,
487,Abigail,Leiton,,2,abigail976@gmail.com,F,1994-6-3,0,,,,,
488,Luz Ayda,Pereira,Padilla,2,luzayda103@gmail.com,F,1961-7-12,0,,,,,
489,John Edwin,Zuã‘Iga,,2,johnedwin588@gmail.com,M,1983-12-27,0,,,,,
490,Karolina,Calderon,,2,karolina911@gmail.com,F,1963-11-16,0,,,,,
491,Gloria Esther,Pautt,Romero,2,gloriaesther456@gmail.com,F,1988-8-28,0,,,,,
492,Jefferson Alexander,Lobos,,2,jeffersonalexander834@gmail.com,M,1970-5-17,0,,,,,
493,Gloria Angelica,Valencia,Marquez,2,gloriaangelica325@gmail.com,F,2001-6-3,0,,,,,
494,Hector Fabio,Mendoza,,2,hectorfabio0@gmail.com,M,1966-7-28,0,,,,,
495,Diego Antonio,Alvarez,,2,diegoantonio435@gmail.com,M,1996-11-12,0,,,,,
496,Juan Nicolas,Sanabria,,2,juannicolas903@gmail.com,M,1998-5-19,0,,,,,
497,Alex Fernando,Beltran,Montaã‘O,2,alexfernando765@gmail.com,M,1988-10-14,0,,,,,
498,Karen Sofia,Diaz,,2,karensofia111@gmail.com,F,1986-2-26,0,,,,,
499,Andrea Carolina,Castillo,,2,andreacarolina219@gmail.com,F,1961-12-24,0,,,,,
500,Diana Margarita,Arias,,2,dianamargarita543@gmail.com,F,1995-11-26,0,,,,,
501,Luis Mario,Rivera,Villadiego,2,luismario690@gmail.com,M,1974-1-8,0,,,,,
502,Dora,Romero,,2,dora675@gmail.com,F,1970-5-24,0,,,,,
503,Alba Mery,Gomez,,2,albamery253@gmail.com,F,1986-5-9,0,,,,,
504,Eneida,Medrano,Estrada,2,eneida575@gmail.com,F,1963-12-16,0,,,,,
505,Hugo Alberto,Meriã‘O,,2,hugoalberto16@gmail.com,M,1969-5-3,0,,,,,
506,Jorge Leonardo,Gomez,Quintero,2,jorgeleonardo548@gmail.com,M,1985-9-17,0,,,,,
507,Dora Liliana,Guayara,Mendoza,2,doraliliana498@gmail.com,F,1990-9-22,0,,,,,
508,Yeimi,Diaz,,2,yeimi581@gmail.com,F,1990-1-10,0,,,,,
509,Luz Mabel,Estrada,,2,luzmabel879@gmail.com,F,1970-5-25,0,,,,,
510,Tatiana Cristina,Rodriguez,,3,tatianacristina365@gmail.com,F,1978-3-20,0,,,,,
511,Javier Fernando,Lopez,,3,javierfernando124@gmail.com,M,1998-12-13,0,,,,,
512,Jenny Paola,De La Ossa,Barrera,3,jennypaola921@gmail.com,F,1976-10-2,0,,,,,
513,Maria Shirley,Villalba,,3,mariashirley760@gmail.com,F,1996-9-18,0,,,,,
514,Augusto,Soto,Paternina,3,augusto275@gmail.com,M,1978-7-18,0,,,,,
515,Maria Lorena,Martinez,Mangonis,3,marialorena4@gmail.com,F,1967-12-19,0,,,,,
516,Gina,Gamboa,Calao,3,gina517@gmail.com,F,1964-10-3,0,,,,,
