SANDRA MILENA;ANDRES FELIPE;DIAZ
CAROLINA;JUAN CARLOS;RODRIGUEZ
DANIELA;CARLOS ALBERTO;SEVERICHE
PAULA ANDREA;ALEXANDER;SOLANO
LUISA FERNANDA;CARLOS ANDRES;HOYOS
PAOLA ANDREA;JUAN DAVID;CASTILLO
VALENTINA;SANTIAGO;MARQUEZ
LUZ MARINA;DIEGO FERNANDO;MARQUEZ
ANA MARIA;SEBASTIAN;CHAVEZ
CLAUDIA PATRICIA;JUAN CAMILO;ACEVEDO
LINA MARIA;LUIS FERNANDO;ATENCIA
SANDRA PATRICIA;ALEJANDRO;BALETA
NATALIA;JUAN PABLO;FLORES
DIANA MARCELA;JUAN SEBASTIAN;FUENTES
MARIA FERNANDA;CESAR AUGUSTO;GOMES
ELIZABETH;MIGUEL ANGEL;HERNANDEZ
LINA MARCELA;JHON JAIRO;MEDINA
MARIA CAMILA;MAURICIO;NAVARRO
LUZ ADRIANA;JOHN JAIRO;PRASCA
MARIA EUGENIA;JULIO CESAR;RIOS
DIANA CAROLINA;JULIAN ANDRES;SANDOVAL
ANGELA MARIA;GUSTAVO ADOLFO;SANDOVAL
LILIANA;DANIEL;SIMANCA
MARTHA LUCIA;FERNANDO;ACOSTA
MARTHA CECILIA;LUIS ALBERTO;ACOSTA
MARIA ALEJANDRA;LUIS EDUARDO;AGUAS
ADRIANA;NICOLAS;ALVAREZ
OLGA LUCIA;RUBEN DARIO;ANGULO
ALEJANDRA;CARLOS ARTURO;ASSIA
LUZ DARY;JUAN ESTEBAN;AVILA
DIANA PATRICIA;HECTOR FABIO;BARRETO
ANGELICA MARIA;LUIS CARLOS;BENITEZ
DIANA MARIA;WILLIAM;BENITEZ
LUZ STELLA;JUAN JOSE;BETTIN
ALEXANDRA;JUAN FELIPE;BUELVAS
MARIA ELENA;JUAN MANUEL;CABRERA
KATHERINE;CRISTIAN CAMILO;CALVO
VALERIA;JOSE LUIS;CAMPO
MARIA ISABEL;DIEGO ALEJANDRO;CHAMORRO
MARIANA;FRANCISCO JAVIER;CONTRERAS
MONICA;JAIME;CORPAS
MARIA PILAR;JORGE ANDRES;CORREA
GLORIA PATRICIA;ORLANDO;DE MONTES
YOLANDA;ANDRES MAURICIO;DIAZ
JULIANA;ALVARO;DIAZ
ANA MILENA;WILSON;ESCOBAR
MARIA CARMEN;ANDRES;ESPITIA
LUZ ELENA;JUAN DIEGO;ESPITIA
AMPARO;JORGE ELIECER;ESPITIA
ANDREA;RICARDO;ESPITIA
CATALINA;CRISTIAN DAVID;ESTRADA
GLORIA INES;JONATHAN;FLORES
MANUELA;LEONARDO;GALINDO
VANESSA;JAIRO;GOMEZ
BEATRIZ ELENA;DAVID;GOMEZ
VIVIANA;JORGE IVAN;GONZALEZ
NANCY;MATEO;GUERRA
ISABEL CRISTINA;JAVIER;GUERRA
MARISOL;LUIS FELIPE;HERNANDEZ
ISABELLA;JHON ALEXANDER;HERNANDEZ
PATRICIA;JHON FREDY;HERNANDEZ
ADRIANA MARIA;OSCAR;HERNANDEZ
MARIA CRISTINA;JORGE ENRIQUE;HERRERA
JENNIFER;VICTOR HUGO;LEITON
LAURA;CARLOS MARIO;LEITON
ROSALBA;VICTOR MANUEL;LOPEZ
LUZ MARY;HENRY;MARTELO
ALBA LUCIA;JULIAN;MARTELO
LORENA;RODRIGO;MARTELO
LUZ MERY;JULIAN DAVID;MARTELO
MAYRA ALEJANDRA;CARLOS EDUARDO;MARTINEZ
CLAUDIA MILENA;JOHN FREDY;MARTINEZ
SANDRA LILIANA;CAMILO ANDRES;MARTINEZ
DIANA MILENA;JOSE FERNANDO;MEJIA
MARIA JOSE;GUSTAVO;MERLANO
ESTEFANIA;DIEGO;MESQUIDO
ESPERANZA;LUIS ALFONSO;MONTERROZA
MARTHA ISABEL;SAMUEL;MONTERROZA
MARIA TERESA;JOHN ALEXANDER;MONTERROZA
CLAUDIA LORENA;ESTEBAN;MORALES
LEIDY JOHANNA;GUILLERMO;PAUTT
MARIBEL;NELSON;PINEDA
GLADYS;GERMAN;RODRIGUEZ
SANDRA;HERNANDO;RODRIGUEZ
GABRIELA;JOSE DAVID;RODRIGUEZ
SOFIA;ALBERTO;ROMERO
TATIANA;CAMILO;SANCHEZ
YAMILETH;JORGE LUIS;SANCHEZ
GLORIA AMPARO;ROBINSON;SANCHEZ
LUZ AMPARO;ANDERSON;SOTO
LEIDY JOHANA;JAIME ANDRES;SUAREZ
MARLENY;JUAN FERNANDO;SUAREZ
MARCELA;JOSE MANUEL;TORRES
MARIA PAULA;SERGIO ANDRES;TOVAR
MARIELA;JOHAN SEBASTIAN;TOVAR
MARIA VICTORIA;FELIPE;VALLE
SARA;JORGE ALBERTO;VALLE
LILIANA PATRICIA;CARLOS HUMBERTO;VALLE
MELISSA;KEVIN;VALLE
VERONICA;LUIS ENRIQUE;VILLAMIZAR
CLARA INES;OSCAR EDUARDO;VILORIA
MONICA MARIA;EDWIN;WILCHES
ELIANA;IVAN DARIO;JARABA
NATHALIA;JEFFERSON;BARRERA
RUBIELA;VICTOR ALFONSO;BARRERA
CLAUDIA MARCELA;DANIEL FELIPE;BARRERA
MARTHA LILIANA;JESUS ANTONIO;BENITEZ
GERALDINE;HUMBERTO;BRITO
JACQUELINE;MARIO;DIAZ
MARIA ANGELICA;FABIAN ANDRES;HERNANDEZ
CONSUELO;JHONATAN;HERRERA
FABIOLA;JUAN GUILLERMO;MENDEZ
ANGELICA;FABIAN;MORALES
MAIRA ALEJANDRA;WALTER;MORALES
ANA LUCIA;CARLOS AUGUSTO;ORTIZ
JESSICA;JORGE MARIO;RUIZ
LUISA MARIA;JAIME ALBERTO;SILGADO
BEATRIZ;CARLOS ENRIQUE;TORO
CLAUDIA;HERNAN;TORRES
MARGARITA;JOSE ANTONIO;GRANADO
MARITZA;EDINSON;ARRIETA
SANDRA LORENA;JAMES;ARRIETA
CAMILA;ALFONSO;CARO
LUZ ANGELA;CRISTIAN ANDRES;GUERRA
MARIA CONSUELO;EDGAR;MEDRANO
GLORIA;EDISON;MERIÑO
NELLY;FABIO;PEREZ
ADRIANA PATRICIA;HAROLD;RICARDO
JACKELINE;OSCAR ANDRES;HERNANDEZ
MARY LUZ;BRAYAN;VANEGAS
CECILIA;JESUS DAVID;AGUAS
JANETH;SERGIO;ARROYO
ALEJANDRA MARIA;JORGE HERNAN;BOHORQUEZ
GLORIA ELENA;JOSE ALEJANDRO;DE LA OSSA
AMANDA;KEVIN ANDRES;DE MEDRANO
CARMENZA;MANUEL ALEJANDRO;HERNANDEZ
MONICA ANDREA;FERNEY;JORGE
LILIANA MARIA;LUIS ALFREDO;MARIN
NUBIA;DANIEL ALEJANDRO;MERCADO
DIANA LORENA;EDUARDO;MONTES
FRANCIA ELENA;HERNAN DARIO;MUÑOZ
ISABEL;JORGE;OLANO
ROSA MARIA;LUIS MIGUEL;RAMOS
CLAUDIA MARIA;ALBEIRO;RODRIGUEZ
GRACIELA;CARLOS JULIO;SALCEDO
MYRIAM;DAVID ALEJANDRO;VILLADIEGO
MERCEDES;LEONARDO FABIO;FRANCO
ANGELA PATRICIA;LUIS ALEJANDRO;GERES
MARIA SOCORRO;CHRISTIAN DAVID;HERRERA
DIANA;CRISTIAN;HERRERA
LAURA MARCELA;FREDY;CHAVARRIA
MARGARITA MARIA;RAUL;LIDUEÑA
ERIKA;CARLOS FERNANDO;LIDUEÑA
LUZ ESTELLA;DIEGO ALEXANDER;LIDUEÑA
NATALIA ANDREA;JUAN ANDRES;BURGOS
STEFANIA;MARCO ANTONIO;CASTRO
TERESA;STEVEN;MARTINEZ
ALICIA;ANDRES FERNANDO;MARTINEZ
DORIS;DIEGO ARMANDO;MARTINEZ
JOHANNA;JORGE EDUARDO;RAMOS
SONIA;RAFAEL;VITOLA
YANETH;RAMIRO;CASAS
CLAUDIA LILIANA;CARLOS;LARA
VICTORIA EUGENIA;DIEGO MAURICIO;RUIZ
MARIA LUISA;JOSE ALEXANDER;BERTEL
MARINA;PABLO ANDRES;DOMINGUEZ
VIVIANA ANDREA;ALFREDO;GALEANO
YULIANA;JULIAN ALBERTO;GARRIDO
MARIA PATRICIA;LUIS ANGEL;PATERNINA
FANNY;RAFAEL ANTONIO;TORRES
MARIA CECILIA;DIEGO ANDRES;CASTRO
MARIA LILIANA;GERARDO;CASTRO
STEPHANY;MIGUEL ANTONIO;RIVERO
ANA ISABEL;OMAR;RODRIGUEZ
FLOR MARIA;RODOLFO;AGAMES
KAREN;JORGE ARMANDO;BERRIO
MARIA ANGELES;ARMANDO;CASTRO
MARIA MERCEDES;LUIS ANTONIO;PEREZ
LAURA DANIELA;HECTOR;PEREZ
LUZ MARIA;JHOAN SEBASTIAN;PEREZ
MARTHA;ANDRES DAVID;PORRAS
XIMENA;GIOVANNY;VERGARA
BEATRIZ EUGENIA;LUIS HERNANDO;VILORIA
NATALY;ROBERTO;DIAZ
GLORIA NANCY;STIVEN;FUENTES
LAURA SOFIA;CHRISTIAN CAMILO;LOBO
MARIA AMPARO;JAIR;MARTINEZ
MARIA ROSARIO;OSCAR FERNANDO;PEREZ
LAURA CAMILA;ANTONIO JOSE;VILLADIEGO
MARIA GLADYS;CARLOS MAURICIO;CARO
NORALBA;JAIRO ANDRES;CAUSADO
ANDREA CAROLINA;JOAN SEBASTIAN;URIBE
KATERINE;JOSE MIGUEL;COGOLLO
LAURA VALENTINA;ALEXIS;MONTES
LEIDY TATIANA;BERNARDO;MARQUEZ
AURA MARIA;JOSE DANIEL;ORTIZ
DIANA PAOLA;MICHAEL;BENITEZ
LUCIA;REINALDO;ALEMAN
MARICELA;GILBERTO;ARIAS
KELLY JOHANA;LIBARDO;ARROYO
MARIA CAROLINA;OSCAR MAURICIO;BUSTAMANTE
NIDIA;ADRIAN;CAMPILLO
MARIA NELLY;DAGOBERTO;CARPIO
OFELIA;GABRIEL;GONZALES
OMAIRA;JOSE ORLANDO;LOBO
PAOLA;ANDRES CAMILO;MEJIA
ROCIO;CRISTHIAN DAVID;MONTERROZA
TERESA JESUS;JOHN EDWARD;PEREZ
LEONOR;JUAN GABRIEL;PEREZ
MAGNOLIA;BRAYAN ANDRES;RODRIGUEZ
MARLENE;JHON FREDDY;SALAZAR
MARTA LUCIA;JOSE IGNACIO;TORRES
SANDRA MARCELA;BRAYAN STEVEN;CORTEZ
CARMEN ROSA;DAVID FERNANDO;CORTEZ
ESMERALDA;FABIO ANDRES;GONZALEZ
LUCELLY;GONZALO;LAMBRAÑO
LUZ ESTELA;LUIS GUILLERMO;SIERRA
MARIA CLAUDIA;OSCAR JAVIER;VERGARA
MONICA PATRICIA;WILMER;GARCIA
ROSA ELENA;CRISTHIAN CAMILO;ALQUERQUE
SUSANA;JOSE JULIAN;ARROYO
YAMILE;JUAN ALEJANDRO;CARDENAS
CRISTINA;YEISON;CHAVEZ
ISABELA;BRYAN STEVEN;CHAVEZ
MARIA INES;EDWIN ANDRES;DIAZ
OLGA PATRICIA;JEAN PAUL;GARCIA
SHIRLEY;JESUS MARIA;LOPEZ
YESENIA;JOHN ALEJANDRO;MONTES
BLANCA NUBIA;JOHN FREDDY;MONTES
STEPHANIA;LUIS DAVID;ROMERO
ANA CRISTINA;PEDRO ANTONIO;SALAS
JOHANA;EDILBERTO;SOTO
MARIA YOLANDA;ERNESTO;VERBEL
MARTA CECILIA;JHON EDISON;JARABA
OLGA;JUAN DANIEL;LOZANO
SANDRA MARIA;MAURICIO ANDRES;BENITEZ
ADRIANA MARCELA;OSWALDO;NARVAEZ
JENNY;ARLEY;POLO
LUCERO;JAIRO ALBERTO;REYES
MARIA;JORGE HUMBERTO;REYES
MARIA ESPERANZA;PABLO;RUBIO
STEFANY;WILMAR;VARGAS
STEPHANIE;DYLAN;ACONCHO
ALEYDA;EFRAIN;MADRID
CLAUDIA XIMENA;FRANCISCO ANTONIO;MEDINA
MIRIAM;FREDDY;OSORIO
BLANCA CECILIA;MARIO ANDRES;OSORIO
CARMEN ELENA;RICARDO ANDRES;REYES
LAURA VANESSA;BRYAN;TEJADA
MARIA NANCY;HUGO;VERGARA
ADIELA;JOSE GUILLERMO;VILLA
ARACELLY;LUIS ERNESTO;MARTINEZ
DAYANA;MARTIN;ACOSTA
EDILMA;ALDEMAR;ALARCON
LADY JOHANNA;CARLOS HERNAN;ALTAMAR
LEIDY VIVIANA;CESAR ANDRES;ALTAMAR
MARIA RUBIELA;EDWARD;ALVAREZ
MARILUZ;GUILLERMO LEON;ALVAREZ
ANA SOFIA;JAVIER ANDRES;ALVAREZ
EVELYN;JOSE ALBERTO;ALVAREZ
GLORIA MARIA;OSCAR IVAN;ALVAREZ
LIBIA;PEDRO NEL;ARIAS
LIGIA;WILLIAM ANDRES;ARRIETA
MARIA ANTONIA;ALVARO ANDRES;ARRIETA
YENNY;ALVARO JOSE;AVILA
ANA PATRICIA;DANIEL FERNANDO;AVILA
CATHERINE;DIEGO ALBERTO;AVILA
DORA LILIA;JESUS ALBERTO;BALDOVINO
GLORIA STELLA;JHON ANDERSON;BALETA
LUCILA;JHON MARIO;BARON
SANDRA VIVIANA;JOSE OMAR;BARRIOS
XIOMARA;MANUEL ANTONIO;BENITEZ
ANDREA PILAR;OCTAVIO;BETIN
GLORIA CECILIA;PABLO EMILIO;BLANQUICET
JOHANNA ANDREA;CHRISTIAN ANDRES;BOHORQUEZ
JUANITA;CRISTHIAN ANDRES;BOLAÑO
JULIETA;DANIEL ANDRES;BORJA
KARINA;GERMAN ANDRES;BUELVAS
LAURA MARIA;JOSE RICARDO;BUSTAMANTE
RUBY;JOSE WILLIAM;CALDERA
ANA CECILIA;JUAN MIGUEL;CALDERA
ZORAIDA;LUIS GABRIEL;CALDERON
DEYANIRA;MARCO TULIO;CANCHILA
JESSICA ALEJANDRA;MARIO ALBERTO;CASTILLA
JOHANA ANDREA;CARLOS DAVID;CHAMORRO
JULIANA ANDREA;CHRISTIAN;CHAMORRO
LUZ KARIME;IVAN;CONDE
MARIA MARGARITA;JOSE HUMBERTO;CONTRERAS
DAMARIS;LEONEL;CORPAS
DIANA CRISTINA;NORBEY;CUADROS
GLORIA ISABEL;PEDRO LUIS;DE GARRIDO
KELLY JOHANNA;JAVIER MAURICIO;DE VIDES
LUZ ANDREA;JHON ALEJANDRO;DIAZ
LUZ HELENA;JOHAN ANDRES;DIAZ
ANA CAROLINA;JOHN JAMES;DIAZ
ANGIE LORENA;MARIO ALEJANDRO;DIAZ
JAQUELINE;MIGUEL;DIAZ
LUZ NELLY;PEDRO PABLO;DIAZ
MARIA JESUS;RIGOBERTO;FLORES
MIRYAM;BRANDON;FLORES
ALBA LUZ;DANIEL ESTEBAN;FLOREZ
DIANA LUCIA;DARIO;FONSECA
INES;FEDERICO;FRANCO
KATHERIN;GIOVANNI;GAMBOA
LAURA ALEJANDRA;JHONATHAN;GAMBOA
LUCY;MILTON CESAR;GARAY
YASMIN;ORLANDO JESUS;GOMEZ
CLAUDIA ANDREA;ANTONIO;GOMEZ
ESTHER JULIA;GILDARDO;GONZALEZ
LILIA;HERIBERTO;GONZALEZ
LINA PAOLA;JEFERSON;GONZALEZ
LUZ EDITH;JOSE ALFREDO;GONZALEZ
LUZ MYRIAM;JOSE ANDRES;HADECHINE
LUZMILA;OSCAR ALBERTO;HERAZO
MARIA FANNY;ALIRIO;HERAZO
MARIA HELENA;CARLOS HERNANDO;HERAZO
MARIA ROSALBA;CESAR;HERAZO
MIREYA;DIEGO FELIPE;HERAZO
PAULA ALEJANDRA;JOHN ANDERSON;HERNANDEZ
RUTH;JOSE VICENTE;HERNANDEZ
BIBIANA;NORBERTO;HERRERA
CAMILA ANDREA;OSCAR JESUS;HERRERA
DORALBA;ALONSO;HOYOS
MARICEL;BRAYAN STIVEN;HOYOS
MARTHA ELENA;CARLOS DANIEL;LARA
SALOME;EMMANUEL;MADRID
YESSICA;ENRIQUE;MARTELO
YOLIMA;JORGE ALEXANDER;MARTINEZ
ANGELA;JORGE LEONARDO;MARTINEZ
CLAUDIA VIVIANA;JOSE MAURICIO;MARTINEZ
LUZ PIEDAD;MARLON;MELENDEZ
MARIA ELIZABETH;MICHAEL ANDRES;MELENDEZ
MARIA RUTH;ROBERTO CARLOS;MELENDRES
MARTHA PATRICIA;VICTOR ANDRES;MENDOZA
VICTORIA;YEISON ANDRES;MENDOZA
ANGIE DANIELA;ARBEY;MERIÑO
BETTY;BENJAMIN;MERIÑO
CARMEN EMILIA;GEOVANNY;MEZA
DIANA ALEJANDRA;GERARDO ANTONIO;MEZA
ELISABETH;JONATHAN ANDRES;MEZA
LAURA CRISTINA;JORGE ALEJANDRO;MONTES
LINA FERNANDA;JOSE ALBEIRO;MORENO
MARIA ALEXANDRA;JOSE DARIO;NISPERUZA
MARIA EDILMA;JOSE GABRIEL;NORIEGA
NINI JOHANNA;JOSE GREGORIO;NUÑEZ
AINHOA;JOSE JAVIER;OCHOA
ANGIE TATIANA;JULIAN CAMILO;OLIVERA
DIANA ALEXANDRA;MATIAS;ORTEGA
GLORIA ESPERANZA;OMAR ANDRES;PADILLA
LUZ ANGELICA;SIMON;PARRA
MARYURI;URIEL;PARRA
BLANCA INES;WILLIAN;PARRA
FRANCY ELENA;ALEX;PEINADO
GINA PAOLA;DANIEL MAURICIO;PEÑA
GLADIS;JHON JAMES;PEREZ
JULIETH;JHON SEBASTIAN;PEREZ
MARIA LIGIA;JIMMY;PEROZA
MARIA MAGDALENA;JOSE LEONARDO;PILA
MARIA MAR;JULIAN MAURICIO;PINEDA
MARIA STELLA;MARIO FERNANDO;PINEDA
MARIA YANETH;MICHAEL STEVEN;POLO
NATHALY;OSCAR DAVID;QUINTERO
ADRIANA LUCIA;RICHARD;RAMOS
ANGELA MARCELA;ANDRES JULIAN;RICARDO
ANGIE CAROLINA;CRISTIAN FELIPE;RODRIGUEZ
CARMEN;DANILO;ROMERO
CARMEN CECILIA;FRANKLIN;ROMERO
DANIELA ALEJANDRA;GUSTAVO ANDRES;ROMERO
DIANA ISABEL;JHON EDWARD;ROMERO
FLOR ALBA;JOHAN;ROMERO
LEIDY VANESSA;JOSE EDUARDO;RUENES
MARIA DOLORES;JOSE JESUS;RUENES
MARTHA INES;LUIS ALBEIRO;RUIZ
NORMA CONSTANZA;LUIS ANIBAL;SANTOS
STELLA;LUIS MARIO;SIERRA
YULIANA ANDREA;NELSON JESUS;SIERRA
CIELO;VLADIMIR;SIERRA
DIANA CATALINA;ALBEIRO JESUS;SOLAR
KAREN JULIETH;ALVARO JAVIER;TEHERAN
LAURA ISABEL;BLADIMIR;TOVAR
LINA VANESSA;CARLOS ALFONSO;TOVIO
LUZ AIDA;CARLOS JAVIER;TUIRAN
MARIA GLORIA;CRISTIAN FERNANDO;URAGAMA
MARIA LUCIA;DANIEL EDUARDO;URAGAMA
MARIA OLGA;DAVID SANTIAGO;VANEGA
MONICA ALEXANDRA;ISAAC;VANEGAS
MONICA LILIANA;JOHN HENRY;VANEGAS
SANDRA ISABEL;LUIS EVELIO;VASQUEZ
DORA LUZ;MANUEL;VELASQUEZ
EDITH;SIGIFREDO;VELLOJIN
ELIANA MARIA;WILLIAM JESUS;VILLERO
ERIKA MARIA;WILSON ANDRES;ALBAN
JENIFER;CARLOS ANTONIO;MORALES
JENNY PAOLA;DANIEL ALBERTO;ARIAS
LEIDY LORENA;DANIEL STEVEN;MARQUEZ
MARIA DORIS;DIEGO LEON;SARMIENTO
MARIA LUCERO;DUBERNEY;OLIVEROS
MARIA OLIVA;EDILSON;URUETA
MICHELLE;FRANCISCO;URUETA
NICOLE;HUGO FERNANDO;OSPINA
OLGA LILIANA;JAIRO JESUS;AVILEZ
CARMEN ELISA;JAVIER ANTONIO;FONSECA
DEISY;JEAN PIERRE;LIDUEÑA
GERALDIN;JHON EDINSON;MANGONIS
JENIFFER;JHON EDWIN;DION
LEIDY CAROLINA;JHON HENRY;ARRIETA
MARIA ANDREA;JOHN EDWIN;MARTINEZ
MARIA LIBIA;JOHN MARIO;NAVAD
MARIA NUBIA;JOSE RODRIGO;PEREZ
PAULA;JULIO ALBERTO;RODRIGUEZ
SAMANTHA;KEVIN DAVID;SUAREZ
SILVIA;LUIS ORLANDO;TAMARA
VIVIANA MARCELA;MANUEL FERNANDO;VALENCIA
ALBA MARINA;MARCO AURELIO;VALENCIA
ANGIE KATHERINE;NESTOR RAUL;MEJIA
ELIANA MARCELA;NILSON;GONZALEZ
ESTEFANY;RAUL ANDRES;ZARATE
GINA MARCELA;SERGIO ALEJANDRO;ZARATE
JOHANNA MARCELA;WILLIAM ALBERTO;BARRIOS
LADY JOHANA;ALVARO JESUS;ADECHINE
LAURA MELISSA;BRYAN ANDRES;ALVAREZ
MARIA ELVIA;CRISTHIAN;ALVAREZ
MARIA MARLENY;DAVID ANDRES;ARRIETA
MARIA PAULINA;DAVID ESTEBAN;BADILLO
MONICA ALEJANDRA;EDGAR JESUS;BERRIO
MONICA MARCELA;EDWIN ALBERTO;CHAVEZ
NELCY;GERMAN DARIO;DE DIAZ
SARAY;JAIRO ANTONIO;DE HURTADO
ARACELY;JEAN CARLOS;DIAZ
BEATRIZ HELENA;JHON STIVEN;GONZALEZ
BLANCA LILIA;JOHN HAROLD;HERRERA
CARMEN ALICIA;JOSE FERNEY;JARABA
CONSTANZA;JOSE JOAQUIN;LEONES
ELIANA PATRICIA;JOSE RAMIRO;MACHACADO
ESNEDA;LUIS GONZALO;MARTINEZ
JENNIFFER;LUIS HUMBERTO;MEDINA
JENNY ALEXANDRA;NESTOR;MEJIA
KAREN LORENA;OSCAR FABIAN;MONTALVO
KAREN TATIANA;OSCAR JULIAN;MONTES
LILIANA MARCELA;PAULO CESAR;OSORIO
MARIA LUCELLY;TOMAS;OTERO
MELBA;ARNULFO;PAREDES
NOHEMY;CARLOS ALFREDO;PAREDES
OLGA CECILIA;DIDIER;PAREDES
RAQUEL;EFREN;PIÑERES
ALBA ROCIO;ELIECER;REALEZ
ANA;FABIO NELSON;RODRIGUEZ
BLANCA NELLY;FELIPE ANDRES;ROMERO
CLAUDIA FERNANDA;GABRIEL JAIME;RUIZ
CLAUDIA JIMENA;GUSTAVO JESUS;SERPA
DORA;HAROLD ANDRES;SIOLO
DORA INES;HECTOR HERNAN;TUIRAN
FLORALBA;HERMES;VERGARA
GLORIA EUGENIA;JAIRO ENRIQUE;ZABALETA
GLORIA LILIANA;JOHN FERNANDO;CORDOBA
JENNY ALEJANDRA;JOSE;OLIVERA
JENNY ANDREA;JOSE ARMANDO;OLIVERA
JESSICA ANDREA;JUAN ALBERTO;TEHERAN
JUDITH;KEVIN ALEXANDER;NOVOA
KELLY TATIANA;LEANDRO;FUENTES
LAURA CATALINA;LUIS;ORTEGA
LAURA VICTORIA;MARINO;ATENCIA
LAURA XIMENA;MICHAEL STIVEN;LADEUTH
LEIDY;OSCAR MARINO;MERCADO
LINA PATRICIA;PABLO CESAR;BLANCO
LUZ CARIME;YESID;ACOSTA
MARIA CLEMENCIA;ARTURO;ALMANZA
MARIA FABIOLA;BRAYAN ALEXIS;ARAGON
MARIA LUZ DARY;CRISTIAN ALBERTO;ARIAS
MATILDE;EDWIN MAURICIO;ARROYO
MAYERLIN;HECTOR MARIO;CAMPILLO
PAULINA;JAIME ENRIQUE;CHAVEZ
PIEDAD;JAIRO ALONSO;DE LA ROSA
SANDRA BIBIANA;JAVIER EDUARDO;FLOREZ
SOLEDAD;JEISON;GUTIERREZ
STEFANNY;JHONNY ALEXANDER;LOPEZ
YAMILET;JORGE WILLIAM;RIVERO
YAZMIN;JOSE ARLEY;RIVERO
ADRIANA MILENA;JOSE MARIA;RIVERO
ANDREA PAOLA;JOSE RAUL;RIVERO
ANGIE LIZETH;JUAN ANTONIO;RIVERO
ANGIE PAOLA;LUIS GONZAGA;RIVERO
ANGIE VANESSA;LUIS JAVIER;RODRIGUEZ
CINDY LORENA;OSCAR ARMANDO;VARGAS
CLAUDIA YANETH;OSCAR HERNAN;VILLALBA
DIANA KATHERINE;RENE;VILLALBA
DIANA VANESSA;RONALD;VILLAMIL
DORA PATRICIA;ABELARDO;DOMINGUEZ
ELSA;ALVARO ANTONIO;MONTERROZA
EMILY;ALVARO ENRIQUE;MONTERROZA
GILMA;ANCIZAR;MARTINEZ
JENNIFER ANDREA;ANDRES EDUARDO;VANEGAS
JESSICA TATIANA;ANGEL DAVID;BARBOZA
KAREN LIZETH;BRIAN;MARTINEZ
LAURA ANDREA;EDUARD;CABALLERO
LAURA MILENA;EDWARD ANDRES;CASTILLO
LILIANA ANDREA;EDWIN FERNANDO;CORONADO
LUCELY;EMANUEL;MERCADO
MARIA CATALINA;FREDY ALEXANDER;URBANO
MARIA CONSTANZA;GUILLERMO ANDRES;GARCIA
MARIA ROCIO;GUSTAVO ALBERTO;ESCOBAR
MARTHA LIGIA;HARRISON;GUEVARA
MILENA;HUGO ARMANDO;CERVANTES
NAYIBE;JAIME JESUS;CERVANTES
ROSARIO;JAVIER ALONSO;LONDOÑO
YESICA;JESUS;MONTALVO
YULY ANDREA;JOSE GUSTAVO;LARA
ALEXANDRA MARIA;JOSE HERNAN;NUÑEZ
DIOSELINA;JOSE IVAN;NUÑEZ
EDELMIRA;JOSE LIBARDO;BOHORQUEZ
INGRID JOHANNA;JULIO ENRIQUE;MARTINEZ
JAKELINE;KEVIN ALEJANDRO;MENDEZ
JOSEFINA;LUCAS;MERCADO
KAREN DAYANA;LUIS ANDRES;MONTES
LEIDY MARCELA;LUIS BERNARDO;RODRIGUEZ
LUZ ENITH;LUIS FERNEY;RUIZ
LUZ PATRICIA;MAURICIO ANTONIO;GARCIA
MARIA GRACIELA;MILTON FABIAN;URREA
MARIA OFELIA;OSCAR DARIO;MERCADO
MONICA VIVIANA;OSCAR HUMBERTO;HERNANDEZ
OLGA MARIA;SILVIO;CHAVARRIA
ROSA;WILMAR ANDRES;CIRO
ROSA ELVIRA;AARON;BARBOSA
SARA SOFIA;ADOLFO;ROMERO
SIRLEY;ADOLFO LEON;PERALTA
YADIRA;CAMILO ERNESTO;SANDOVAL
YERALDIN;CARLOS FELIPE;AYALA
AINARA;DARWIN;MONSALVE
ANA MERCEDES;DAVID FELIPE;PAREDES
ANA ROSA;HECTOR FABIAN;PAREDES
AYDEE;JACOBO;PAREDES
BERENICE;JEAN CARLO;SANTIAGO
CLAUDIA ALEXANDRA;JHON EDUARD;BARRETO
CLAUDIA ISABEL;JHON FABER;BLANCO
ERIKA ANDREA;JHON HAROLD;CONTRERAS
ERIKA PATRICIA;JHONNY;HERNANDEZ
EUNICE;JOHAN ALEXIS;LOBO
GLORIA YANETH;JOHN EDISON;MONTES
INGRID TATIANA;JONATAN;PEÑA
INGRID VANESSA;JORGE ANTONIO;SEQUEDA
JESSICA PAOLA;JOSE FRANCISCO;CUELLO
JIMENA;KEVIN STEVEN;GOMEZ
KAREN VIVIANA;LUIS ALEXANDER;MARTINEZ
LAURA PATRICIA;LUIS FRANCISCO;PEREZ
LUZ ADIELA;MANUEL JOSE;SANCHEZ
LUZ AMANDA;MARIO GERMAN;UTIMA
MARIA ALEYDA;MARTIN EMILIO;UTIMA
MARIA EDITH;NELSON ENRIQUE;ALIAN
MARIA JANETH;ROLANDO;ARIAS
MARIA LUZ;SAUL;ARIAS
MARYURY;SEBASTIAN CAMILO;BARELA
MELANY;VICTOR MARIO;BENITES
MERY;WILDER;CALDERON
NORA;YEFERSON;CALDERON
SANDRA PAOLA;ANDRES ALBERTO;CHAMORRO
SANDRA XIMENA;CRISTIAN EDUARDO;CHAMORRO
SILVANA;CRISTIAN MAURICIO;DE PARRA
YENNIFER;DIEGO LUIS;DE RODRIGUEZ
YENNY ALEXANDRA;ELKIN;DIAZ
YURANI;ELMER;DIAZ
ALBA MERY;EMERSON;DOMINGUEZ
AMPARO SOCORRO;FERNANDO ANDRES;GELVIS
BLANCA LIGIA;FERNANDO ANTONIO;GONZALEZ
ELVIA;FREDY ALBERTO;GUTIERREZ
EMMA;GABRIEL ANTONIO;HENRIQUEZ
ERIKA TATIANA;GERMAN ANTONIO;HERNANDEZ
GLORIA EDITH;GUILLERMO ANTONIO;HERNANDEZ
GLORIA LUCIA;GUSTAVO ANTONIO;HERNANDEZ
IRMA;HECTOR ANDRES;LIDUEÑAS
JENNY CAROLINA;HECTOR JAIME;MARQUEZ
JULIANA MARIA;HECTOR JULIO;MERCADO
KAREN DANIELA;HUGO ALBERTO;MONTES
LADY TATIANA;ISMAEL;MONTES
LEYDI JOHANNA;JAIME EDUARDO;MONTES
LUZ ALBA;JAVIER ENRIQUE;MONZON
LUZ MILA;JAVIER JESUS;MORALES
LUZ MIRYAM;JERONIMO;MORENO
MARIA LILIA;JHOAN ANDRES;MORENO
MARILYN;JOHAN ALEXANDER;ORTEGA
MARTHA ROCIO;JOHN EDINSON;ORTIZ
MAYERLY;JOHN SEBASTIAN;ORTIZ
NORA ELENA;JOHN WILLIAM;PAREDES
SILVIA JULIANA;JOHNNY ALEXANDER;PATERNINA
TATIANA ANDREA;JONATHAN ALEXANDER;RAMOS
VALERY;JOSE ANGEL;RICARDO
YULI ANDREA;JOSE ARBEY;RIOS
AMALIA;JOSE JAIRO;RODRIGUEZ
ANA JULIA;JUAN BAUTISTA;SANCHEZ
ANA TERESA;JULIAN FERNANDO;SANDOVAL
ANGELA VIVIANA;LUIS ARMANDO;SIERRA
ARIADNA;LUIS DANIEL;SIERRA
CELMIRA;OLMEDO;TORRES
CLAUDIA ELENA;OMAR JESUS;VELASQUEZ
DIANA CECILIA;OTONIEL;GOMEZ
DIANA MARITZA;PEDRO;ZAPATA
DOLLY;RAFAEL ENRIQUE;ACOSTA
ERIKA VANESSA;REINEL;ACOSTA
GLORIA MILENA;SANTIAGO ANDRES;ALMANZA
INGRID;VICTOR;BRUNO
JOHANA MARCELA;WILLIAM FERNANDO;DIAZ
KAREN ANDREA;ABRAHAM;MELENDEZ
LETICIA;ANDRES FABIAN;OVIEDO
LIZETH;ANTHONY;SILVA
MARGARITA ROSA;ARGEMIRO;SILVA
MARIA DOLLY;BRAYAN ALEXANDER;ALVAREZ
MARIA GLADIS;CARLOS IVAN;LEZAMA
MARISELA;CARLOS MANUEL;MERLANO
MARLEN;CESAR ALBERTO;SALAS
NINI JOHANA;DIEGO ALONSO;ZAMBRANO
PAMELA;DUVAN;BETTIN
SANDRA JANETH;GERMAN DAVID;VASQUES
SANDRA LUCIA;HAMILTON;CONDE
SORAYA;HENRY ALBERTO;OROZCO
VIVIANA MARIA;IVAN ANDRES;ACOSTA
YANET;JAIME HUMBERTO;ALEMAN
YENIFER;JAVIER ALBERTO;ALEMAN
YULIETH;JHON FERNANDO;ALEMAN
YURI ANDREA;JOHN CARLOS;ALVAREZ
ALBA NELLY;JOHN JAIME;ALVAREZ
ALCIRA;JOHNATAN;ALVAREZ
ASTRID CAROLINA;JONNATHAN;ANAYA
BIBIANA ANDREA;JORGE ALBEIRO;ANAYA
BLANCA LIBIA;JORGE DAVID;ANGULO
CLARA ROSA;JORGE ORLANDO;ARIAS
CLAUDIA ROCIO;JOSE ALIRIO;ARRIETA
CLEMENCIA;JOSE ARTURO;ARRIETA
DANIELA ANDREA;JOSE JAIR;ARRIETA
DANIELA FERNANDA;JOSE REINEL;ARRIETA
DIANA FERNANDA;JOSE WILSON;ATENCIA
ELENA;JUAN DIOS;ATENCIA
ELVIRA;JUAN NICOLAS;BARRETO
GLORIA MERCEDES;LUIS HERNAN;BELLO
JANNETH;MARIO JESUS;BENITEZ
JESSICA MARCELA;MARTIN ALONSO;BERRIO
LEYDI JOHANA;MISAEL;BERTEL
LUCIANA;NELSON ANDRES;BOHORQUEZ
LUZ MIRIAM;OSCAR DANIEL;BUELVAS
LUZ YANETH;OSCAR LEONARDO;CALI
MARIA CLARA;THIAGO;CANTILLO
MARIA EUCARIS;WILSON JAVIER;CARDENAS
MARIA LETICIA;ADALBERTO;CARDENAS
MARIA XIMENA;ANGEL MARIA;CARMONA
MARYSOL;CARLOS ERNESTO;CARRASCAL
NATALI;CHRISTIAN ALEXANDER;CHAVEZ
NATALIA MARIA;DANIEL SANTIAGO;CONTRERAS
NATHALIE;DAVID STIVEN;CORREA
PATRICIA ELENA;EDUAR;DE ATENCIO
ROSA ANGELICA;FABIO ALBERTO;DE CONTRERAS
ROSANA;HECTOR JAVIER;DE DOMINGUEZ
SANDRA CATALINA;HECTOR JESUS;DE LA OSSA
ALBA NIDIA;HERNAN ALONSO;DE LA OSSA
ALEXANDRA PATRICIA;HORACIO;DIAZ
ANA JESUS;ISRAEL;DIAZ
ANA VICTORIA;JAIME ALEXANDER;FARRAYANS
ANGELA CRISTINA;JESUS ANDRES;FERIA
ANGELICA PATRICIA;JOHAN DAVID;FERIA
ANGIE;JOHAN MAURICIO;FERIA
BLANCA;JOHN;GALVIS
CRUZ ELENA;JOSE DUVAN;GALVIS
DIANA CONSTANZA;JOSE NORBEY;GAMARRA
DIANA LIZETH;JOSE RUBIEL;GAMARRA
DORA LILIANA;JULIAN ESTEBAN;GONZALEZ
ERIKA JOHANNA;KEVIN SANTIAGO;GUAYARA
ERIKA MARCELA;LUIS ARTURO;GUERRA
GINNA PAOLA;LUIS EMILIO;GUERRA
HILDA;MARLON ANDRES;HERAZO
INDIRA;MICHAEL ALEXANDER;HERAZO
IRENE;OSCAR AUGUSTO;HERNANDEZ
JENNY PATRICIA;RICARDO ANTONIO;HERNANDEZ
JOHANNA MARIA;UBERNEY;JULIO
JUANA;WILSON JESUS;LANS
LAURA JULIANA;ANDRES SANTIAGO;LOARTE
LUZ AYDA;ANGELO;LOPEZ
LUZ ENID;CESAR DAVID;LOPEZ
MAGALY;DANIEL ALEXANDER;LOZANO
MAGDALENA;DANIEL ANTONIO;MADERA
MARIA ALICIA;DANIEL ENRIQUE;MANGONES
MARIA DANIELA;DAVID ALBERTO;MARQUEZ
MARIA ESNEDA;DAVID MAURICIO;MARQUEZ
MARIA GABRIELA;DAVID STEVEN;MARQUEZ
MARIA JULIANA;DIEGO FABIAN;MARQUEZ
MARIA LORENA;EDGAR ANDRES;MARTINEZ
MARTHA YANETH;EDGAR EDUARDO;MARTINEZ
MARY;EDWIN ALEXANDER;MARTINEZ
MARYORY;EIDER;MARTINEZ
MELIDA;GERSON;MENDEZ
MYRIAN;HECTOR MAURICIO;MENDEZ
NELSY;JAIRO ALEXANDER;MERLANO
OLGA MILENA;JAMES ALBERTO;MONTAÑO
OLIVA;JAVIER DARIO;MONTERROZA
ROCIO PILAR;JEREMY;NAVARRO
SANDRA CAROLINA;JHON EDWAR;NAVARRO
SANDRA YANETH;JHONATAN ANDRES;NAVARRO
SARA MARIA;JOHAN ESTEBAN;OLIVERA
YOHANA;JOHAN MANUEL;ORTIZ
ADELAIDA;JOHN FABER;ORTIZ
ALBA INES;JONATHAN STEVEN;OSORIO
ALBA ROSA;JORGE ARTURO;OSTA
ALBA RUTH;JOSE ADRIAN;OVIEDO
AMALFI;JOSE CARMEN;PADILLA
ANA JUDITH;JOSE EDGAR;PADILLA
AURA;JOSE URIEL;PALOMINO
BERTHA;JOSE WILMAR;PAYARES
CARMEN JULIA;JOSUE;PERDOMO
DANIELA MARIA;JUAN FRANCISCO;PEREZ
ELSY;KEVIN MAURICIO;PEREZ
EUCARIS;LEONARDO ANDRES;PEREZ
FLOR MARINA;LUIS ALONSO;PONCE
GIOVANNA;MAURICIO ALEJANDRO;PONCE
GLADYS ELENA;OSCAR HERNANDO;RICARDO
JAZMIN;PABLO ANTONIO;RIVERA
JESSICA LORENA;PEDRO JOSE;RIVERA
JESSICA MARIA;RAMON ELIAS;ROCHA
LEIDY DIANA;RAUL ANTONIO;RODRIGUEZ
LEIDY YOHANA;ROBERTO ANTONIO;RODRIGUEZ
LUDIVIA;RODRIGO JESUS;RODRIGUEZ
LUZ NANCY;SAMUEL ANDRES;ROJAS
MARGOTH;WILFREDO;ROMERO
MARIA ADIELA;ANDRES RICARDO;ROMERO
MARIA AURORA;BERNARDO ANTONIO;ROMERO
MARIA ELISA;CARLOS ADRIAN;SALGADO
MARIA EMMA;CARLOS ARMANDO;SALON
MARIA IRENE;CRISTIAN ALEJANDRO;SANCHEZ
MARIA JIMENA;CRISTIAN ALEXANDER;SIERRA
MARIA OMAIRA;CRISTIAN JAVIER;SILVA
MARIA PIEDAD;CRISTOBAL;SUAREZ
MARTA LILIANA;DANIEL RICARDO;SUAREZ
MONICA LORENA;DAVID ALEXANDER;TAPIA
NANCY ELENA;DAVID LEONARDO;TORRES
ROSAURA;DEREK;TRESPALACIO
VIVIANA PATRICIA;DIEGO HERNAN;TRIANA
YENNY ANDREA;EDUARDO ENRIQUE;TRIANA
ADRIANA PILAR;ERICK;VEGA
ALBA MARIA;EVELIO;VELASQUEZ
ALEIDA;FERNANDO ALBERTO;VELASQUEZ
AMELIA;FERNANDO JESUS;VERGARA
ANA DELIA;GERMAN ALONSO;VIDES
ANA GABRIELA;HERNEY;BARON
ANGIE MELISSA;HUGO ALEJANDRO;CARRANZA
ASTRID;HUMBERTO ANTONIO;ALVAREZ
BERTHA LUCIA;IVAN CAMILO;ARROYO
BIBIANA MARIA;IVAN DAVID;ATENCIA
BLANCA LUCIA;JAIME ALONSO;BALOCO
BRENDA;JAVIER ALEXANDER;BARBOZA
CAROLINA MARIA;JEFFERSON ANDRES;BARBOZA
CLAUDIA INES;JEISON ANDRES;BLANCO
CLAUDIA LUCIA;JHON STEVEN;CARBAJAL
DAHIANA;JHONY ALEXANDER;CARVAJAL
DIANA ROCIO;JOHAN ALEJANDRO;CHAMORRO
DORA MARIA;JOHAN CAMILO;CHIMA
ERICA;JOHAN STEVEN;DIAZ
ERIKA ALEJANDRA;JOHAN STIVEN;DIAZ
ESTEFANI;JOHNNATAN;FLOREZ
FRANCIA;JOSE DANILO;GUTIERREZ
FRANCY;JOSE DIEGO;HERNANDEZ
GLORIA ESTELA;JOSE GERMAN;HERNANDEZ
IVONNE;MATHIAS;JIMENEZ
JENNY MARCELA;MAURICIO ALEXANDER;JIMENEZ
JOHANNA PATRICIA;MILLER;LARA
KAREN ALEJANDRA;MILTON;LARA
LAURA NATALIA;OSCAR ALEJANDRO;MARTINEZ
LUZ FANNY;OSCAR ALEXANDER;MARTINEZ
MADELEINE;PAULO ANDRES;MENDOZA
MARIA AMANDA;RAFAEL ALBERTO;MENDOZA
MARIA LEONOR;RODRIGO ANDRES;MORALES
MARIA LOURDES;RODRIGO ANTONIO;MORALES
MARIA LUCILA;RUBEN;MORENO
MARIA LUCY;WILLIAM HERNAN;NAVARRO
MARIA NOHEMY;ALVARO HERNAN;NAVARRO
MARIA OTILIA;ANIBAL;OROZCO
MARTHA LUZ;BRIAN STEVEN;ORTEGA
NANCY STELLA;CARLOS ADOLFO;OVIEDO
ORFILIA;CARLOS ALIRIO;PATERNINA
PAULA MARCELA;CARLOS ARIEL;PEÑA
ROSA AMELIA;CARLOS EMILIO;PEÑA
ROSALIA;CARLOS STEVEN;PEREZ
ROSMERY;DAVID ENRIQUE;PEREZ
SANDRA JULIETH;DIEGO JAVIER;PLAZA
SARA LUCIA;DIEGO JESUS;POLO
TANIA;EDWAR;RAMBAO
TATIANA MARIA;EDWIN ALEJANDRO;RAMOS
TRINIDAD;FRANCISCO LUIS;REYES
VANESA;GUSTAVO ALONSO;RODRIGUEZ
ZOILA ROSA;HELMER;ROMERO
ZULAY;HENRY JESUS;SANTOS
ADELA;HERNAN DAVID;SANTOS
ADRIANA CAROLINA;HERNANDO JESUS;SUAREZ
ALBA CECILIA;HUGO ALEXANDER;TAMARA
ANA KARINA;HUMBERTO JESUS;TAPIAS
ANDREA CATALINA;JAIDER;CIFUENTES
ARACELI;JHOAN DAVID;GARCIA
ARGENIS;JHONATAN DAVID;ALTAHONA
AURORA;JHONATTAN;DIAZ
BIBIANA MARCELA;JOAQUIN;LOPEZ
BLANCA NIDIA;JOEL;SALCEDO
BLANCA OLIVA;JOHN MAURICIO;VILLA
BLANCA STELLA;JORGE MAURICIO;ROPERO
CARLINA;JOSE ALVARO;CANCHILA
CAROLINA ANDREA;JOSE BERNARDO;ARIAS
CINDY PAOLA;JOSE HERIBERTO;ARIAS
CLAUDIA ALEJANDRA;JOSE OCTAVIO;HERNANDEZ
CLAUDIA CECILIA;JUAN MAURICIO;HERNANDEZ
CLAUDIA CRISTINA;JULIAN FELIPE;RIVERO
DANNA SOFIA;KEVIN DANIEL;TUIRAN
DIANA SOFIA;LIBARDO ANTONIO;PEÑATE
DIANA XIMENA;LUIS ALVARO;CALDERON
DORA ALICIA;LUIS ESTEBAN;NAVARRO
DORA LIBIA;MANUEL FELIPE;ACOSTA
ELISA;MARIO ALFONSO;ALVIZ
ERIKA JOHANA;MAURICIO ALBERTO;ARRIETA
FLOR ANGELA;MIGUEL ANDRES;ATENCIA
FRANCIA MILENA;NICOLAS ANDRES;ATENCIA
FRANCY LORENA;OSCAR ORLANDO;ATENCIA
GLORIA CRISTINA;PEDRO JULIO;BARRETO
GLORIA ESTHER;RICARDO ALBERTO;BARRETO
HELENA;ROBERT;BENITEZ
INGRID LORENA;ROSEMBERG;CAMPO
JESSICA ALEXANDRA;SAMUEL ANTONIO;CARRASCAL
JULIE ANDREA;WILLIAM DARIO;CARRASCAL
JULIETH ANDREA;WILLIAM ENRIQUE;CARRASCAL
JULY ANDREA;WILLINGTON;CASTILLO
KAREN ALEXANDRA;WILSON DARIO;DIAZ
KAROL TATIANA;ALBERTO JOSE;GARAY
KIMBERLY;ANDRES GUILLERMO;HERNANDEZ
LADY VIVIANA;ANTONY;HERNANDEZ
LAURA CAROLINA;ARCESIO;LUNA
LAURA FERNANDA;ARIEL;NISPERUZA
LEIDY YULIANA;BRANDON STEVEN;OLIVERO
LIZBETH;CARLOS ALBEIRO;ORTEGA
LUCRECIA;CARLOS ALEJANDRO;PADILLA
LUZ EDILMA;CARLOS JOSE;PEREZ
LUZ MARLENY;CARLOS JULIAN;POSADA
MABEL;CESAR EDUARDO;POSADA
MARIA AYDEE;CRISTHIAN ALEXANDER;SIOLO
MARIA CARMENZA;DANIEL HUMBERTO;VERGARA
MARIA CELINA;DANIEL STIVEN;VERGARA
MARIA CONCEPCION;DANNY ALEXANDER;ZUÑIGA
MARIA EDELMIRA;DARIO JESUS;DE MONTALVO
MARIA ESTHER;DIEGO ALFONSO;GUZMAN
MARIA JUDITH;EDGAR ALBERTO;LEGUIA
MARIA MONICA;EDGAR ALEXANDER;LEGUIA
MARTINA;EDUARDO JOSE;MARTINEZ
MAYRA ALEXANDRA;EDWIN ALONSO;OJEDA
MELISA;ESTIVEN;OJEDA
MILLERLANDY;EZEQUIEL;OSORIO
MIRIAN;FABIO ALEJANDRO;RUIZ
MONICA PAOLA;FREDY HERNAN;SALAS
NOHEMI;GERMAN ALBERTO;QUINTERO
NORMA;GERSAIN;DIAZ
OTILIA;HECTOR ALONSO;BENITEZ
PATRICIA EUGENIA;HERMINSUL;BOLIVAR
ROMELIA;HUGO ANDRES;CASTRO
ROSA INES;IGNACIO;CASTRO
ROSMIRA;IVAN MAURICIO;CASTRO
RUTH MARIA;JAIRO ALEJANDRO;CHICA
SORAIDA;JAVIER FERNANDO;CONDE
TATIANA PAOLA;JEISSON;DE MEJIA
YAQUELINE;JESUS HERNANDO;IVAÑEZ
YENNY PATRICIA;JHON;JIMENEZ
YENY;JHON JAIME;LUNA
YORLADY;JHONNY ANDRES;PERCY
ADELINA;JOAN STEVEN;PERCY
AIDA LUZ;JOHAN FERNANDO;REYES
ALBA PATRICIA;JOHN EDUARD;RIOS
ANA BEATRIZ;JOHN STEVEN;RUIZ
ANDREA ESTEFANIA;JOHNNY;SIMANCA
ANGIE MARCELA;JONATHAN DAVID;TERAN
ANTONELLA;JORGE AUGUSTO;TORRES
ARELIS;JORGE HERNANDO;ACEVEDO
ASHLEY;JORGE OMAR;JARABA
BLANCA ISABEL;JOSE ALDEMAR;MEDINA
CARMEN TULIA;JOSE GERARDO;ORTEGA
CINDY TATIANA;JOSE HUGO;PACHECO
CLAUDIA MARITZA;JOSE NICOLAS;PACHECO
DANNA;JOSE OSCAR;ROMERO
DERLY;JOSE RAFAEL;TOSCANO
DIANA MARGARITA;JUAN MARTIN;AVILA
DIANA MERCEDES;LARRY;AVILEZ
DIANA PILAR;LUIS MANUEL;AVILEZ
DOLORES;MANUEL ANDRES;HOYOS
ELIANA ANDREA;MARCOS;PARRA
EMILCE;NESTOR ANDRES;PARRA
ERIKA JULIETH;OLIVER;RAMOS
ESTHER;OMAR ALBERTO;REYES
EUGENIA;OSCAR ALONSO;REYES
EVELIN;RAFAEL EDUARDO;ROMERO
GLORIA ESTELLA;RAUL ALBERTO;AZNATE
GLORIA LUZ;ROBINSON ANDRES;BUELVAS
HERMINIA;SALOMON;CHAVEZ
HILDA MARIA;VICTOR DANIEL;DIAZ
JENNY LORENA;WALTER JESUS;ESMATE
JENNYFER;WILSON ALBERTO;MESTRA
KAREN SOFIA;YEFFERSON;ROMERO
KAROL VANESSA;ADRIAN FELIPE;ZUÑIGA
KATERIN;ALBERTO MARIO;ENSUNCHO
LAURA VIVIANA;ALEX FERNANDO;ENSUNCHO
LEIDY KATHERINE;ALEX MAURICIO;JIMENEZ
LEIDY LAURA;ALEXANDER JESUS;ESQUIBEL
LORENA PATRICIA;ANDERSSON;CORRALES
MARIA ARGENIS;ANGEL ALBERTO;HERNANDEZ
MARIA CENELIA;ARLEX;SILGADO
MARIA CIELO;AUGUSTO;VIDES
MARIA NIDIA;BRAYAN ESTIVEN;SERPA
MARIA OFIR;BRYAN DAVID;ARRIETA
MARIA SOLEDAD;CAMILO ALEJANDRO;GOMEZ
MARIA TRINIDAD;CARLOS ESTEBAN;OSORIO
MARIA VALENTINA;CHRISTOPHER;SANCHEZ
MARILU;CRISTHIAN FERNANDO;CARMONA
MARTA ELENA;DANIEL CAMILO;CASTRO
MARY ISABEL;DANIEL JOSE;ALVAREZ
MELISSA ANDREA;DAVID EDUARDO;ARROYAVE
MONICA ISABEL;DIEGO ANTONIO;AYALA
NATHALIA ANDREA;EDISSON;BELTRAN
NOHELIA;EDUARDO ANTONIO;CAMARGO
PAULA TATIANA;EMILIANO;CONTRERAS
SARA VALENTINA;FABIAN ENRIQUE;DE AVILA
SHEILA;FABIO ALEXANDER;FLORES
VIRGINIA;FABIO JESUS;FLORES
VIVIANA CAROLINA;FRANCISCO JOSE;MERCADO
YESSICA ANDREA;FRANK;MERCADO
YINA PAOLA;FREDDY ALBERTO;MEZA
YINETH;GABRIEL ANDRES;NUÑEZ
YOHANNA;GILBERTO ANTONIO;POZO
YURANY;GUSTAVO ENRIQUE;QUIROZ
AINHARA;HECTOR FERNANDO;RUIZ
AITANA;HECTOR MANUEL;RUIZ
ALBA MILENA;ISAIAS;RUIZ
AMPARO JESUS;JAIME ANTONIO;ZABALETA
ANA BOLENA;JAIME ARTURO;CARMONA
ANA CATALINA;JAIRO HUMBERTO;MORENO
ANA SILVIA;JAVIER ALEJANDRO;HERNANDEZ
ANDREA LILIANA;JAVIER AUGUSTO;PEREZ
ANDREA MARCELA;JAVIER HERNAN;ROMERO
ANGIE NATALIA;JAVIER HERNANDO;BERRIO
AURA ROSA;JEFFREY;PEREZ
BLANCA AURORA;JESUS EDUARDO;MORALES
CARMEN LILIANA;JESUS ENRIQUE;ROMERO
CAROLINE;JHON MAURICIO;DIÑERES
CENELIA;JHON WILLIAM;MARTINEZ
CLAUDIA BIBIANA;JHONATAN ALEXANDER;MERCADO
CLAUDIA JANETH;JHONNATAN;PEREIRA
CRISTINA ISABEL;JHONY;ATENCIA
DANIELA ALEXANDRA;JIMMY ALEXANDER;LUNA
DEICY;JORGE ALONSO;MARIN
DEYSI;JORGE ELIAS;MARRUGO
DORA ELENA;JORGE ERNESTO;MURILLO
EDILIA;JOSE ANIBAL;PEREZ
ELIANA CAROLINA;JOSE ARNULFO;ARIAS
ELSA MARIA;JOSE EDISON;CONEO
EMERITA;JOSE ELIECER;MONTES
EMILIA;JOSE HERNANDO;MURILLO
EMPERATRIZ;JOSE MARIO;PACHECO
ERIKA ALEXANDRA;JOSE YESID;VIDES
ERIKA FERNANDA;JUAN JESUS;VILLALBA
ERIKA VIVIANA;JULIAN DARIO;ALVAREZ
EVANGELINA;JULIAN EDUARDO;MOLINARES
INGRID CAROLINA;JULIO;PACHECO
JANETH PATRICIA;JULIO ERNESTO;RODRIGUEZ
KAREN PAOLA;KEVIN STIVEN;RODRIGUEZ
KAREN PATRICIA;LISANDRO;ROMERO
KAREN VANESSA;LUIS ADRIAN;SIMANCA
KAROL;MANUEL JESUS;VANEGAS
KELLY ALEJANDRA;MARCELO;VILLALBA
LAURA MANUELA;MILTON ANDRES;ALVAREZ
LEIDY ALEXANDRA;MOISES;ALVAREZ
LILIA MARIA;NESTOR ALONSO;BANQUEZ
LILIBETH;NESTOR FABIAN;BARBOZA
LINA ALEJANDRA;NESTOR IVAN;CAMARGO
LUDIBIA;NOLBERTO;CARDENAS
LUZ AYDEE;RAMON ANTONIO;CARDENAS
LUZ VIVIANA;RICARDO ADOLFO;CORRALES
MADELEYNE;RUBIEL;CUADRO
MARIA ADELAIDA;SAMIR;DE HERNANDEZ
MARIA DORA;SANDRO;GARCIA
MARIA DORALBA;SERGIO ANTONIO;GARCIA
MARIA EDILIA;TULIO ENRIQUE;JUEZ
MARIA IRMA;VICTOR ALONSO;MARTINEZ
MARIA JACQUELINE;VICTOR HERNAN;NARVAEZ
MARIA MAGNOLIA;VICTOR JULIO;NARVAEZ
MARIA MARCELA;WILMAN;NISPERUZA
MARIA MARLENE;WILMER ANDRES;PATERNINA
MARIA PASTORA;YOVANY;QUIÑONEZ
MARINELA;AGUSTIN;RODELO
MARLY;AURELIO;RODELO
MARTHA MILENA;BAYRON;TIRADO
NATALIA CAROLINA;BRAHIAN;TIRADO
NEREA;BRAYAN DAVID;TIRADO
NURY;BRYAN STIVEN;TIRADO
OLGA BEATRIZ;CAMILO ALBERTO;VERGARA
ROSA EMILIA;CAMPO ELIAS;MONTERROSA
SANDRA CRISTINA;CARLOS GUILLERMO;MONTERROZA
SANDRA JIMENA;CARLOS ORLANDO;MONTERROZA
SANDRA YULIETH;CARLOS ROBERTO;ROSARIO
SONIA ESPERANZA;CESAR TULIO;AGRESOT
SONIA PATRICIA;CHRISTIAN FERNANDO;CALDERIN
TAMARA;CRISTIAN ALEXIS;CARO
TERESITA;CRISTIAN DANIEL;CHAMORRO
YENNY PAOLA;DAMIAN;DE PEREZ
YESSENIA;DANIEL ALFONSO;MOGUEA
ZULEIMA;DANNY;PACHECO
ALBA LILIANA;DAVID RICARDO;RODRIGUEZ
AMANDA LUCIA;DIEGO EDUARDO;RODRIGUEZ
ANA LIBIA;EDGAR ENRIQUE;ACOSTA
ANA LUISA;EDUARDO ANDRES;ACOSTA
ANA RUTH;EDWIN ARMANDO;AGUDELO
ANGIE CAMILA;EDWIN ORLANDO;AGUDELO
ANYELA MARIA;ELIAS;ARRIETA
ASTRID ELENA;EUGENIO;ARRIETA
AURA CRISTINA;FABIAN ALBERTO;BOHORQUEZ
BLANCA LILIANA;FABIAN ALEJANDRO;DIAZ
CLARA ELENA;FABIAN LEONARDO;FIGUEROA
CLARA PATRICIA;FELIX ANTONIO;HERNANDEZ
CLAUDIA CAROLINA;FERNANDO ALONSO;MARTINEZ
CLAUDIA PAOLA;FREDY ANDRES;MARTINEZ
DALILA;FREDY ANTONIO;MARTINEZ
DANIELLA;GERARDO JESUS;MARTINEZ
DELIA;GERMAN ENRIQUE;MARTINEZ
DIANA JIMENA;GILDARDO ANTONIO;MARTINEZ
DORIS ELENA;GUILLERMO ALBERTO;MONTERROZA
ELIANA CRISTINA;HECTOR ANTONIO;MUÑOZ
ESTELA;HECTOR AUGUSTO;MUÑOZ
FRANCISCA;HECTOR EDUARDO;MUÑOZ
GISELA;HECTOR HERNANDO;OZUNA
GLADYS CECILIA;HECTOR IVAN;PEREZ
GLADYS MARIA;HECTOR JULIAN;VILLALBA
GLORIA JANETH;HECTOR WILLIAM;DIAZ
GLORIA MARCELA;HENRY ANTONIO;CHAMORRO
INGRID KATHERINE;HERMAN;RUIZ
INGRID PAOLA;HUGO JESUS;HERNANDEZ
ISMENIA;HUGO NELSON;FERNANDEZ
JENNIFER ALEJANDRA;JAIME AUGUSTO;MERCADO
JENNIFER ALEXANDRA;JAVIER FELIPE;MERCADO
JESSICA FERNANDA;JAVIER HUMBERTO;ARRIETA
JOHANNA CAROLINA;JEAN POOL;BERRIO
KAREN JULIANA;JHAN CARLOS;CORREA
LAURA ALEXANDRA;JOSE CARLOS;GARCIA
LEIDY ALEJANDRA;JOSE EDILBERTO;LAN
LEIDY ANDREA;JOSE EDWIN;MARTINEZ
LEIDY JHOANA;JOSE HENRY;RODRIGUEZ
LEYDI;JOSE NELSON;DE PEÑATA
LUZ ASTRID;JOSE NORBERTO;MARTINEZ
LUZ DAMARIS;JOSE ROBERTO;MENDOZA
LUZ MARIELA;JUAN;SILGADO
MARIA BERENICE;JULIAN ALEJANDRO;CASTELLAR
MARIA BETTY;KEVIN ALBERTO;DE PATERNINA
MARIA ELSY;KEVIN ESTEBAN;DE ACUÑA
MARIA ELVIRA;KEVIN FERNANDO;HERNANDEZ
MARIA JOSEFA;LUIS FABIAN;PACHECO
MARIA LAURA;LUIS HENRY;PEREZ
MARIA LUCELY;LUIS HORACIO;SARMIENTO
MARIA MELVA;MARCO FIDEL;ARRIETA
MARIA OLIVIA;MAURO;ARRIETA
MARIA ROSA;MIGUEL FERNANDO;BAIZ
MARIA SALOME;NICOLAS ALBERTO;BAIZ
MARIA VIRGINIA;NICOLAS ESTEBAN;BENITEZ
MARTA INES;NORMAN;BENITEZ
MONICA CECILIA;OMAR ANTONIO;BENITEZ
MONICA LUCIA;OSCAR MARIO;DIAZ
NANCY LILIANA;PABLO ENRIQUE;ELIAS
NAZLY;RAUL FERNANDO;ELIAZ
NICOLLE;REINALDO ANTONIO;GOMEZ
NUBIA STELLA;RICARDO ALONSO;GOMEZ
NYDIA;RONALD ANDRES;GOMEZ
OFIR;SAMUEL DAVID;LARA
ROCIO CARMEN;SEBASTIAN FELIPE;MARTINEZ
RUTH MARINA;SERGIO ALBERTO;MARTINEZ
SANDRA ELENA;SERGIO DAVID;MENDIVIL
SANDRA JOHANNA;VICENTE;MENDIVIL
SARAH;VICTOR MAURICIO;MENDIVIL
SONIA MARIA;WILBER;MONTERROZA
STEFFANY;WILSON ALEXANDER;MUÑOZ
TATIANA MARCELA;WILSON ENRIQUE;OSPINO
VILMA;ALEJANDRO ALBERTO;PAREDES
VIRGELINA;ANDRES ALFONSO;PEREZ
YEIMI;ANDRES JOSE;PEREZ
YESSICA ALEJANDRA;ANDRES SEBASTIAN;RICARDO
YESSICA PAOLA;ANDREY;RICARDO
ZULMA;BELISARIO;SALCEDO
ABIGAIL;BORIS;SALCEDO
ADALGIZA;BRAYAN MAURICIO;SALCEDO
ADRIANA ROCIO;CARLOS FABIAN;SENCIO
AIDA;CARLOS GUSTAVO;ALVAREZ
AIDEE;CARLOS HOLMES;ANAYA
ALBA LUCERO;CHARLES;CARRASCAL
ALBA NURY;CHRISTIAN ALBERTO;FURNIELES
ALISON;CHRISTIAN ALEJANDRO;GARCES
ALISSON;CRISTIAN FABIAN;GARIZAO
AMERICA;CRISTIAN LEANDRO;HURTADO
ANA DOLORES;CRISTIAN LEONARDO;HURTADO
ANA LUCILA;CRISTOPHER;JIMENEZ
ANA PAOLA;DAIRO;JIMENEZ
ANDREA MILENA;DANIEL AUGUSTO;LEYVA
ANGELA ANDREA;DANIEL FRANCISCO;MARTINEZ
ANGELA ROCIO;DEIBY;MARTINEZ
ANGELINA;DIEGO ENRIQUE;MENCO
ANGIE ALEJANDRA;DIEGO ESTEBAN;MERIÑO
ANGIE JULIETH;DIEGO FRANCISCO;MERIÑO
AURA CECILIA;DIEGO LEONARDO;MONTES
BIBIANA PATRICIA;EDGAR AUGUSTO;MONTES
BLANCA DORIS;EDGAR JAVIER;NAAR
BLANCA FLOR;EDWARD ALEXANDER;NAR
BLANCA RUBY;EDWIN ALEXIS;OSORIO
CARMELINA;EDWIN ALFONSO;PALACIO
CARMEN LUCIA;ENMANUEL;PEREZ
CATALINA MARIA;ERIC;POLO
CATERINE;ESTEBAN ALEJANDRO;PUCHE
CLARA MARIA;EVER;SALAYANDIA
CLAUDIA MERCEDES;FABIAN ALONSO;SANTANA
CONCEPCION;FABIAN EDUARDO;SIERRA
CONSUELO JESUS;FABIAN MAURICIO;SIERRA
CONSUELO SOCORRO;FABIO ENRIQUE;SUAREZ
DIANA ANDREA;FARID;VILLAR
DIANA VALENTINA;FERNANDO JOSE;VILORIA
DORA ALBA;FRANCISCO ANDRES;POZO
DORA CECILIA;FREDDY ALEXANDER;DIAZ
DORA ISABEL;GERARDO ANDRES;DIAZ
ELISABET;GIOVANNY ALEXANDER;MENDOZA
ELIZABET;HAROLD DAVID;MENDOZA
ENEIDA;HECTOR ALEXANDER;NARVAEZ
ETELVINA;HECTOR DANIEL;TORREGROZA
FIDELINA;HECTOR DAVID;NAVARRO
GINA ALEXANDRA;HENRY MAURICIO;NAVARRO
GLORIA ALEJANDRA;HERNAN ALBERTO;NAVARRO
GUADALUPE;HERNAN JESUS;GUTIERREZ
IDALY;HERNANDO JOSE;PEREZ
JAMILETH;HILDEBRANDO;TORO
JESSICA VIVIANA;HUGO HERNAN;TORO
JOHANNA ALEJANDRA;IKER;CANO
KAREN MELISSA;IVAN JESUS;BASILIO
KARINA ANDREA;JAIME ALEJANDRO;CRUZ
KAROL ANDREA;JAMES DAVID;SALGADO
KAROL VIVIANA;JAVIER ORLANDO;TAMARA
KELLY;JESUS ALFONSO;GIRALDO
KELLY VANESSA;JESUS EMILIO;BERRIO
LAURA ROSA;JESUS FERNANDO;CASTRO
LAURA TATIANA;JHON ESTEBAN;MOLINA
LEIDY DANIELA;JHON KEVIN;MUÑOS
LIDA;JHONNY ALEJANDRO;OSORIO
LIDA MARIA;JOHN FELIPE;ALMANZA
LUNA;JOHN JAVIER;ALVAREZ
LUZ ELIANA;JORDAN STEVEN;MORA
MARCELA MARIA;JORGE ISAAC;PEREZ
MARCELA PATRICIA;JOSE ALFONSO;CASTILLO
MARIA ANGELA;JOSE FABIAN;CASTILLO
MARIA AUXILIADORA;JOSE GILBERTO;MENDOZA
MARIA BEATRIZ;JOSE GONZALO;ESCAÑO
MARIA CELMIRA;JOSE REINALDO;MONTES
MARIA CRUZ;JOSE WILMER;DE LUCAS
MARIA DEYANIRA;JOSEPH;JULIO
MARIA ELSA;JOSHUA;MORALES
MARIA ESMERALDA;JOVANNY;VIERA
MARIA EUNICE;JUAN ANGEL;GALINDO
MARIA GILMA;JUAN JACOBO;HERNANDEZ
MARIA JAQUELINE;JULIO ANDRES;JIMENEZ
MARIA JULIETA;JUVENAL;LUNA
MARIA LIDA;LAUREANO;NARVAEZ
MARIA NOHELIA;LEONARDO ANTONIO;NARVAEZ
MARIA NORA;LUIS ARIEL;NARVAEZ
MARIA RITA;LUIS GERARDO;OZUNA
MARIA RUBY;MAICOL;PINEDA
MARIA SHIRLEY;MANUEL SALVADOR;RAMIREZ
MARIA SOFIA;MARIO ENRIQUE;SANTIAGO
MARIA VIVIANA;MARTIN ANDRES;VIERA
MARIA ZORAIDA;MAURICIO JOSE;CARMONA
MARIANELA;MIGUEL EDUARDO;ACOSTA
MARLENY JESUS;NELSON DAVID;AGAMEZ
MARTA ISABEL;NESTOR EDUARDO;KAROL
MARTHA EUGENIA;NICOLAS JESUS;SIERRA
MARTHA RUTH;OLIVERIO;SOLAR
MELANIE;OMAR ENRIQUE;TORO
MELVA;OSCAR ANTONIO;ARANGO
MIRYAN;RAFAEL ANDRES;ALTAMAR
MONICA TATIANA;RAFAEL ANGEL;CLEMENTE
NATALIA ISABEL;RAMIRO ANTONIO;CLEMENTE
NATHALI;RICARDO JOSE;DE MORALES
NINFA;ROGER;DIAZ
OLGA MARINA;SERGIO DANIEL;FERNANDEZ
OLGA ROCIO;SERGIO IVAN;GOMEZ
ORIANA;THOMAS;GUERRERO
PILAR;ULISES;GUERRERO
RITA;VICTOR JAVIER;HERNANDEZ
ROSALBINA;VICTOR RAUL;JULIO
ROSMARY;WILLIAM ALEXANDER;JULIO
SANDRA ROCIO;WILLIAM ANTONIO;MANJARREZ
SARA PATRICIA;WILLIAM RICARDO;MELENDEZ
SILVIA MARIA;WILMER ANTONIO;NARANJO
STEPHANNY;WILSON ANTONIO;NAVARRO
VANESSA ALEJANDRA;WILSON DANIEL;NAVARRO
VIVIAN ANDREA;YOVANNY;NAVARRO
YEIMY;ADAN;SEQUEDA
YUDY;ALCIBIADES;SEQUEDA
ADRIANA CRISTINA;ALEJANDRO JOSE;TORRES
ADRIANA PAOLA;ALONSO JESUS;VARGAS
ALBA;ANDERSON DAVID;VILLERO
ALBA NUBIA;ANDRES ALEXANDER;FERNANDEZ
ALBA YANETH;ANDRES ANTONIO;ALCIA
ALEJANDRINA;ANDRES AUGUSTO;ALTAMIRANDA
ALLISON;ANDREW;ALVAREZ
ANA LILIANA;ANGEL;BUELVAS
ANA MARCELA;ARISTOBULO;CALAO
ANA MATILDE;ARNOLDO;CALVO
ANA RITA;BRANDON ALEXIS;CORREA
ANA TULIA;BRAYAN FERNANDO;GARCIA
ANGELA ROSA;BRIAN ANDRES;GAVIRIA
ANGIE MILENA;BRYAN ALEXANDER;GONZALEZ
ANTONIA;CAMILO EDUARDO;GONZALEZ
ASCENETH;CARLOS URIEL;GUZMAN
AURA ELENA;CESAR ENRIQUE;HERNANDEZ
AZUCENA;CESAR LEONARDO;LEONES
BERTHA CECILIA;CESAR MAURICIO;LICONA
CARMEN EUGENIA;CHRISTIAN FABIAN;MARTINEZ
CARMEN PATRICIA;CONRADO;MARTINEZ
CIELO MARIA;CRISTHIAN EDUARDO;MERCADO
CLARA;DANIEL ARTURO;MONTERROSA
CLARA ISABEL;DANIEL DAVID;ORTEGA
CLAUDIA PILAR;DANNY ALEJANDRO;PEÑAFIEL
CLAUDIA STELLA;DIEGO ARTURO;PEREZ
CLEMENTINA;DIEGO DAVID;PEREZ
DAIANA;DIEGO GERMAN;ROJANO
DANNA VALENTINA;EDGAR FERNANDO;TAMARA
DIANA ESPERANZA;EDGAR HUMBERTO;ANGULO
DIANA JANETH;EDGAR MAURICIO;DIAS
DIANA LUZ;EDISON ANDRES;FERNANDEZ
DORA LIGIA;EDWIN ANTONIO;MARTINEZ
DORA LUCIA;EDWIN ENRIQUE;ROCHA
ELOISA;EDWIN JAVIER;RODRIGUEZ
ENITH;EMILIO;DIAZ
ERIKA NATALIA;FABIAN ESTEBAN;JULIO
ERNESTINA;FABIO ANTONIO;ORTIZ
FLOR ALICIA;GABRIEL ANGEL;RODRIGUEZ
GLORIA ANDREA;GABRIEL EDUARDO;RODRIGUEZ
GLORIA HELENA;GERMAN AUGUSTO;SIERRA
INGRID MARCELA;GERMAN EDUARDO;VIDEZ
ISAURA;GIOVANNI ANDRES;VASQUEZ
JENIFER ANDREA;GUILLERMO ALFONSO;MANGONES
JENNY MARIA;GUSTAVO ALFONSO;ARROYO
JESSICA VANESSA;HAROL;DE LA OSSA
JOHANA ALEXANDRA;HARVEY;DE LA OSSA
JULIA;HEBERT;DE LA OSSA
KAREN YULIANA;HECTOR ALFONSO;LEONES
KAROLINA;HECTOR ENRIQUE;MURILLO
LADY;HENRY ANDRES;VERGARA
LADY DIANA;HERNAN MAURICIO;VILLADIEGO
LAURA ESTEFANIA;IVAN EDUARDO;VILLADIEGO
LAURA JIMENA;IZAN;AGUAS
LAURA LUCIA;JACOB;AGUAS
LAURA VALERIA;JAIME DANIEL;ALVAREZ
LAURA VANESA;JAIME LEON;ARIAS
LIBIA MARIA;JAIME LEONARDO;ARRIETA
LICETH;JERSON;ARRIETA
LILIANA MARGARITA;JESUS ORLANDO;AVILA
LINA JOHANNA;JOHAN FELIPE;AVILA
LINA MERCEDES;JOHN ANDRES;AVILA
LIZETH FERNANDA;JOHN DAVID;AVILEZ
LORENA MARIA;JOHNY;AVILEZ
LORENZA;JONNY ALEXANDER;AVILEZ
LUZ;JORGE ESTEBAN;BARBOSA
MABEL CRISTINA;JORGE WILSON;BARRAGAN
MAGALI;JOSE ALONSO;BENITEZ
MARCELA PILAR;JOSE ARIEL;BENITEZ
MARIA ARACELLY;JOSE ARISTIDES;BENITEZ
MARIA BELEN;JOSE AUGUSTO;BERTEL
MARIA DELIA;JOSE CAMILO;BOHORQUEZ
MARIA ESTELLA;JOSE DOMINGO;BORJA
MARIA HILDA;JOSE EFRAIN;CAMARGO
MARIA LUDIVIA;JOSE FELIPE;CAMARGO
MARIA MARGOTH;JOSE LEONEL;CAMARGO
MARIA NELSY;JOSE RODOLFO;CARVAJAL
MARIA NOELIA;JOSE SAUL;CERVANTES
MARIA ORFILIA;JOSE WALTER;CHAMORRO
MARIA PAZ;JUAN BERNARDO;CHAMORRO
MARIA ROMELIA;JUAN RAFAEL;CORPAS
MARIA SANDRA;JUAN RAMON;DE MERLANO
MARIA SONIA;LEONEL ANTONIO;DE SOLAR
MARIA SUSANA;LEONIDAS;DORIA
MARLENI;LUIS GILBERTO;DORIA
MARTA LUZ;LUIS MAURICIO;ESTRADA
MARYBEL;MANUEL ALBERTO;GUERRERO
MARYLUZ;MANUEL ESTEBAN;HERNANDEZ
MAYERLING;MARCO;HERNANDEZ
MICHELL;MARCO EMILIO;HERNANDEZ
MICHELLE ANDREA;MARIO ALEXANDER;HERNANDEZ
MILADY;MARLON STEVEN;HERNANDEZ
MILDRED;MARTIN EDUARDO;HIGUITA
MONICA JOHANNA;MAURICIO FERNANDO;MADRID
NATIVIDAD;MICHAEL ALEJANDRO;MARTINEZ
NICOLE ANDREA;MIGUEL ALFONSO;MENDOZA
NOELIA;MIGUEL ENRIQUE;MENDOZA
NOHORA;MILTON FERNANDO;MERCADO
OLGA CRISTINA;NELSON AUGUSTO;MERCADO
PAOLA ALEXANDRA;NELSON IVAN;MERCADO
PAOLA FERNANDA;NICOLAS DAVID;MERCADO
PAOLA MARCELA;ORLANDO ANTONIO;MERCADO
PASTORA;OSCAR ADRIAN;MERCADO
PAULA CAMILA;OSCAR ENRIQUE;MONTES
PAULA JIMENA;OVIDIO;MUÑOZ
PAULA XIMENA;RAMIRO JESUS;NARVAEZ
ROSA HELENA;RICARDO ALFONSO;NARVAEZ
SANDRA TATIANA;RICHARD ALEXANDER;NAVARRO
SARA INES;RICHARD ANDRES;PATERNINA
SARA MILENA;RODOLFO ANDRES;PATERNINA
SILVIA LORENA;ROGELIO;PATERNINA
SILVIA PATRICIA;RONALD STEVEN;PEÑA
SINDY PAOLA;SERGIO ESTEBAN;PEREZ
SOLANYI;VICTOR EDUARDO;PEREZ
TATIANA ALEJANDRA;WALTER ANDRES;PEREZ
VERONICA MARIA;WILLIAM ARMANDO;PEREZ
VIVIAN;WILLIAM JOSE;RIVERA
VIVIANA ANGELICA;WILLIAM MAURICIO;RIVERO
YAJAIRA;WILLIAMS;SALCEDO
YENIFFER;WILSON DAVID;SANDOBAL
YESICA LORENA;YERSON;SANTOS
YESSICA ALEXANDRA;YONATHAN;SIERRA
YOVANNA;ABSALON;SUAREZ
ZENAIDA;ADEMIR;TEHERAN
ADA LUZ;ALAN;TEHERAN
AMANDA JESUS;ALCIDES;TEHERAN
AMINTA;ALEX ANDRES;TORRES
ANDREA PATRICIA;ALEX DAVID;TORRES
ANGELA JOHANNA;ALEX FABIAN;TORRES
ANGELA LUCIA;ALEXANDER ANTONIO;TOVAR
ANGIE VALERIA;ALEXANDRO;TUIRAN
ARANTXA;ALVARO ALFONSO;VANEGAS
AYDE;ANDERSON JAVIER;VANEGAS
BARBARA;ANDERSON STEVEN;VERGARA
BEATRIZ LORENA;ANDRES ENRIQUE;ORTEGA
BENILDA;ANDRES HUMBERTO;VERGARA
BERNARDA;ANDRES LEONARDO;DIAZ
BETSABE;ARLES;GARZON
BLANCA ALICIA;BRAIAN;NUÑEZ
BLANCA LUZ;BRAYAN ALEJANDRO;ASENDRA
BLANCA MARGARITA;CAMILO ANTONIO;ROMERO
BLANCA ROCIO;CAMILO ARTURO;BENITEZ
CAMILA ALEJANDRA;CARLOS ALONSO;BERTEL
CARMEN ADRIANA;CARLOS MIGUEL;BERTEL
CARMEN SOFIA;CHRISTIAN MAURICIO;LOPEZ
CENAIDA;CLEMENTE;MERLANO
CENEIDA;CRISTHIAN MAURICIO;PEREIRA
CINDY CAROLINA;CRISTIAN ANTONIO;PEREIRA
CINDY VANESSA;DANIEL ALONSO;RICARDO
CLARIBEL;DANIEL JESUS;ORTEGA
CLAUDIA MARGARITA;DANIEL MATEO;SIERRA
DAISY;DANNY ANDRES;BANDERA
DAYANNA;DANNY MAURICIO;BANDERA
DISNEY;DARIO ANTONIO;BENITEZ
ELEONORA;DAVID ALFONSO;BERRIO
ELVIA MARIA;DAVID ANTONIO;BUBIANA
ELVIA ROSA;DAVID ERNESTO;CABRERA
EMILSE;DAVID JULIAN;CABRERA
ERICA MARIA;DAVID MATEO;CARABALLO
ESTELLA;DIEGO JOSE;CARDENAS
FELISA;DIEGO JULIAN;CARDENAS
FRANCELINA;DYLAN ALEXANDER;CASTILLO
FRANCIA HELENA;EDGAR ALFONSO;CASTILLO
GENNY;EDGAR ALONSO;CASTILLO
GLADIS ELENA;EDGAR HERNAN;CHAMORRO
GLADYS SOCORRO;EDGAR JOSE;DE ARIAS
GLORIA ALEXANDRA;EDGAR ORLANDO;DE ARRIETA
GLORIA AMANDA;EDGARDO;DE VERGARA
GLORIA ANGELICA;EDISON ALBERTO;GOMEZ
GLORIA BEATRIZ;EDISON ALEXANDER;GONZALEZ
GLORIA CARMEN;EDWIN DAVID;GUTIERREZ
GLORIA ELSY;EDWIN EDUARDO;HOYOS
GLORIA SOCORRO;EDWIN JESUS;HUERTA
HILLARY;EDWIN JOSE;JULIO
IVONNE ANDREA;EDWIN LEONARDO;JULIO
JAEL;ELISEO;JULIO
JASMIN;ERNESTO ANTONIO;JULIO
JENNY FERNANDA;ERNESTO JESUS;LORA
JENNY KATHERINE;ESTEBAN ALBERTO;MARTINEZ
JESICA;ESTEBAN DAVID;MELENDEZ
JESSICA NATALIA;FABIAN ANTONIO;MERCADO
JOHANA ALEJANDRA;FAUSTO;MERCADO
JOHANA PAOLA;FELIX ANDRES;MOLINARES
JOHANA PATRICIA;FELIX EDUARDO;NOVOA
JOHANNA ALEXANDRA;FERNANDO AUGUSTO;NOVOA
JUANA MARIA;FERNANDO ENRIQUE;NOVOA
JULIA MARIA;FERNANDO JAVIER;ORTIZ
KAREN JOHANA;GENARO;OSSA
LADY VANESSA;GEOVANNY ALEXANDER;PACHECO
LAURA INES;GEOVANY;PACHECO
LEIDY PATRICIA;GERARD;PARRA
LEYDA;GERMAN MAURICIO;PARRA
LIDIA;GERONIMO;PATERNINA
LIGIA MARIA;GIAN CARLO;PATERNINA
LILIAN;GONZALO JESUS;PEREIRA
LILIAN PATRICIA;GREGORIO;QUIROZ
LILIANA CARMEN;GREGORY;ROMERO
LISBETH;GUIDO;ROMERO
LUISA ALEJANDRA;GUILLERMO ALONSO;SALAZAR
LUISA CATALINA;GUILLERMO EDUARDO;SALAZAR
LUZ ALEJANDRA;GUILLERMO ENRIQUE;SALCEDO
LUZ AMALIA;GUILLERMO JESUS;SANABRIA
LUZ DARI;HANS;TAPIAS
LUZ JANETH;HECTOR ALBERTO;TEHERAN
ESTHER SOFIA;HECTOR ARMANDO;TORRES
FERNANDA;HECTOR DARIO;TORRES
FLOR;HECTOR HUGO;TORRES
FLOR ELISA;HECTOR RAUL;VEGA
GEORGINA;HENRY ALEXANDER;VILLADIEGO
GINA;HENRY FERNANDO;VILLADIEGO
GISELLE;HERBERT;BENITEZ
GLORIA TERESA;HERIBERTO JESUS;HERRERA
GUILLERMINA;HOMERO;HERRERA
GUIOMAR;IAN;HERRERA
HEIDY CAROLINA;IVAN ALBERTO;HERRERA
HERMELINDA;IVAN FERNANDO;HERRERA
HORTENCIA;JAIME HERNAN;HERRERA
HORTENSIA;JAIME ORLANDO;OCHOA
INGRID DANIELA;JAIR ALEXANDER;OCHOA
IVANNA;JAVIER RICARDO;CARDENAS
JACKELIN;JEFFERSON ALEXANDER;OZUNA
JENNY JOHANNA;JEFFERSON STEVEN;RODELO
JENNY VIVIANA;JEISON ALEXANDER;ALVAREZ
JESSICA JOHANA;JESUS ALFREDO;BALCAZAR
JESSICA JOHANNA;JESUS DANIEL;BARBOZA
JESSICA LIZETH;JESUS DARIO;BARRETO
JUANA VALENTINA;JESUS HERNAN;BENITEZ
JULIA ELVIRA;JESUS MANUEL;BENITEZ
JULIA INES;JEYSON;BERMUDEZ
JULIA ROSA;JHON ALEXIS;BOHORQUEZ
KAREN ELIANA;JHON ANDRES;BOHORQUEZ
KARLA;JHON CARLOS;BUELVAS
KATHERINE ANDREA;JHON DAVID;BUELVAS
KATHERYN;JIMMY ANDRES;CALDERA
LADY CAROLINA;JOAN;CALDERA
LAURA ISABELLA;JOAN DAVID;CAMARGO
LAURA ROCIO;JOHAN EDUARDO;CAMPO
LINA;JOHANN;CARRASCAL
LORENA ANDREA;JOHN WALTER;CASTILLO
LUCELIA;JONATHAN EDUARDO;CASTILLO
LUISA;JONATHAN MAURICIO;CHAVEZ
LUISA DANIELA;JORDAN;CLEMENTE
LUNA SOFIA;JORGE ADRIAN;CLEMENTE
LUZ AMERICA;JORGE ANIBAL;CLEMENTE
LUZ DELIA;JOSE ABEL;CURI
LUZ ELVIRA;JOSE AGUSTIN;DE RIOS
LUZ MABEL;JOSE BENJAMIN;DE RUBIO
LUZ MARIBEL;JOSE ENRIQUE;ESPINOSA
LUZ MARITZA;JOSE ESTEBAN;FLORES
LUZ MERCEDES;JOSE GIOVANNY;FLOREZ
LUZ MIREYA;JOSE ISRAEL;FLOREZ
LUZ NATALIA;JOSE LEANDRO;FUENTES
MAGDA LORENA;JOSE MARTIN;FUENTES
MARGOT;JOSE RUBEN;GARIZABALO
MARIA AZUCENA;JOSE SANTIAGO;GONZALEZ
MARIA CENEIDA;JOSE ULISES;GUTIERREZ
MARIA DEISY;JUAN CRUZ;HERAZO
MARIA DILIA;JUAN IGNACIO;HERNANDEZ
MARIA ESTELA;JUAN RICARDO;HUERTA
MARIA EUFEMIA;JULIAN RICARDO;LARA
MARIA JACKELINE;JULIO MARIO;LLENERIS
MARIA MANUELA;KEVIN ALEXIS;LOPEZ
MARIA MATILDE;KEVIN SEBASTIAN;MANGONEZ
MARIA MELBA;LEON ANGEL;MARQUEZ
MARIA NELA;LEONARDO JESUS;MARTINEZ
MARIA NIEVES;LORENZO;MARTINEZ
MARIA YANET;LUIS AUGUSTO;MARTINEZ
MARIA YASMIN;LUIS CAMILO;MARTINEZ
MARIANA JESUS;LUIS LEONARDO;MEJIA
MARILIN;LUIS ROBERTO;MEJIA
MARISEL;LUIS SANTIAGO;MELGAREJO
MARLEY;MAIKEL;MENDEZ
MARTA ROCIO;MANUEL EDUARDO;MENDOZA
MARTHA ELISA;MANUEL GUILLERMO;MERCADO
MARTHA ELIZABETH;MANUEL RICARDO;MEZA
MARTHA LORENA;MARCO ALEJANDRO;MEZA
MARTHA SOFIA;MARLON ALEXANDER;MONSALVE
MARTHA VICTORIA;MATTHEW;MORENO
MARY SOL;MAURICIO JAVIER;MORENO
MARYORI;MAXIMILIANO;MUÑOZ
MELANI;MICHAEL EDUARDO;MURILLO
MONICA PILAR;MIGUEL ALBERTO;MURILLO
MONICA VANESSA;MIGUEL ALEJANDRO;OLIVEROS
NAHIARA;MILTON ALEXANDER;ORTIZ
NANCY PAOLA;MILTON DAVID;OSUNA
NATALIA ALEJANDRA;MILTON EDUARDO;OSUNA
NATALIA EUGENIA;MOISES DAVID;OVIEDO
NATALIA MARGARITA;NAPOLEON;PEDROZA
NATALIA SOFIA;NELSON FABIAN;PEREZ
NICOL;NICOLAS ALEJANDRO;QUINTERO
NICOLE VALERIA;NICOLAS FELIPE;RAGEL
NIKOL;NIKOLAS;RIOS
NILSA;OMAR ALEJANDRO;ROMERO
NUBIA CARMEN;OMAR FERNANDO;ROMERO
NUBIA MARIA;OSCAR ADOLFO;RUIZ
OLGA JESUS;OSCAR DIEGO;SEPULVEDA
OLGA SOFIA;OSCAR FELIPE;SIERRA
OLINDA;OSCAR JAIME;SOTO
PAMELA ANDREA;OSCAR MANUEL;TORRES
PAOLA XIMENA;OSCAR WILLIAM;URRUCHURTO
PATRICIA HELENA;OSVALDO;VASQUEZ
PAULA CRISTINA;PASTOR;VASQUEZ
PAULA LORENA;PEDRO ALEXANDER;CONTRERAS
PAULA MILENA;PEDRO MANUEL;ROMERO
PAULA VALENTINA;RAFAEL IGNACIO;ARIAS
PIEDAD SOCORRO;RAMON;ARIAS
REBECA;RAMON ALBERTO;ARIAS
ROXANA;REINALDO JESUS;MARTINEZ
RUTH MARY;RENE ALBERTO;SOLIS
SAMANTA;REYNALDO;LANCE
SANDRA EUGENIA;RICARDO JESUS;LOBOS
SANDRA MIREYA;RICARDO LEON;MONTERROZA
SARA CATALINA;RICHARD ALEJANDRO;MONTIEL
SENAIDA;ROBERT ANDRES;NARANJO
SHARA;ROBERT ANTONIO;OVIEDO
SILVIA ANDREA;ROBERTO JOSE;RICARDO
SILVIA INES;ROBERTO LUIS;ROMERO
SOBEIDA;ROGER ALEXANDER;SALCEDO
SOCORRO;RUBEN ANTONIO;ALBARINO
SONIA ALEXANDRA;SAMUEL ALBERTO;FERIA
SONIA ANDREA;SAMUEL ESTEBAN;MARTINEZ
SONIA ROCIO;SAMUEL FELIPE;MENDEZ
SUSANA MARIA;SAMUEL JESUS;SERPA
TATIANA CRISTINA;SANTIAGO ALEJANDRO;ALVAREZ
TERESITA JESUS;SERGIO ALEXANDER;BARBOZA
VIOLETA;STEVEN ANDRES;BERRIO
VIVIANA ALEXANDRA;URIEL JESUS;BLANCO
WENDY CAROLINA;VICTOR ALEXANDER;CANCHILA
XIMENA PATRICIA;VICTOR JOSE;CANCHILA
YALILE;WALTER MAURICIO;ESPINOSA
YESSIKA;WILFRIDO;ESTRADA
YOLANDA MARIA;WILLIAM ALFREDO;GUTIERREZ
YOSELIN;WILLIAM EDUARDO;HERRERA
YULI;WILSON HERNAN;IMITOLA
YULIET;WILSON ORLANDO;LAGARES
ZULLY;YAMIL;MARTINEZ
